# ru.stackoverflow.com questions whose messages or code lines the captured files hold;
# https://ru.stackoverflow.com/questions/<id> names the authors of the question, its answers and comments.
1
7
49
55
76
84
129
167
171
174
261
339
346
350
358
405
409
441
458
460
464
469
475
506
533
540
550
596
605
611
616
667
746
846
917
934
1078
1116
1234
1266
1352
1393
1473
1595
1627
1629
1704
1707
1763
1777
1888
1981
2015
2045
2055
2073
2076
2132
2179
2246
2274
2332
2364
2383
2441
2716
2855
2938
2987
3136
3409
3424
3492
3703
3729
3800
3801
3967
4009
4166
4187
4253
4265
4313
4373
4395
4506
4528
4554
4568
4599
4603
4764
4790
4794
4801
4860
4874
4919
4949
4952
4964
4997
5143
5187
5259
5262
5281
5317
5337
5377
5425
5443
5456
5635
5658
5933
5937
6089
6169
6300
6310
6406
6456
6460
6469
6495
6553
6780
6841
6866
6885
6909
6919
6962
6965
7044
7056
7229
7243
7285
7350
7573
7662
7778
7837
7918
8019
8101
8238
8301
8335
8419
8607
8618
8735
8960
8977
9151
9226
9313
9318
9383
9395
9421
9450
9535
9619
9644
9714
9765
9838
9921
10034
10035
10157
10217
10286
10337
10553
10590
10603
10869
10903
10908
11296
11300
11551
11588
11634
11769
11912
11934
12093
12166
12227
12334
12336
12379
12503
12634
12767
12781
12881
12905
12933
12950
13222
13246
13459
13512
13579
13795
13963
14090
14220
14348
14349
14389
14435
14440
14538
14571
14673
14681
14709
14710
14742
14750
14994
15021
15096
15171
15199
15247
15313
15321
15334
15387
15697
15744
15797
15801
15826
15968
15986
16063
16090
16098
16115
16140
16150
16187
16331
16368
16396
16465
16477
16528
16592
16650
16790
16859
16898
17115
17203
17205
17230
17244
17325
17351
17361
17406
17426
17451
17714
17786
17789
17849
17901
18056
18105
18177
18223
18230
18247
18281
18359
18428
18511
18535
18587
18629
18642
18692
18814
18829
18907
18910
19027
19030
19035
19068
19099
19115
19178
19265
19296
19434
19438
19452
19619
19734
19805
19876
19879
19916
19970
19994
20048
20061
20159
20253
20370
20463
20559
20562
20630
20640
20820
20865
21128
21336
21450
21632
21639
21700
21904
21936
21973
22067
22075
22170
22311
22333
22423
22425
22480
22501
22523
22546
22794
23106
23127
23274
23284
23320
23344
23506
23532
23642
23654
23682
23685
23707
23788
23796
23828
23842
23927
24138
24168
24280
24285
24308
24317
24380
24406
24515
24742
24832
24861
24917
24957
25036
25160
25268
25342
25356
25383
25640
25722
25792
26023
26067
26168
26188
26192
26212
26304
26451
26470
26594
26610
26646
26718
26740
26776
26822
26948
26957
26962
27091
27229
27350
27396
27497
27549
27571
27578
27770
27847
27872
27934
27963
27983
28241
28268
28370
28377
28381
28601
28775
28789
29152
29158
29294
29303
29327
29395
29447
29583
29602
29719
29721
29806
29830
29856
29867
29886
29925
29981
30022
30082
30167
30204
30252
30337
30366
30395
30398
30456
30501
30600
30613
30683
30714
30730
30748
30799
30825
31229
31230
31353
31384
31454
31495
31507
31511
31594
32004
32059
32070
32106
32130
32205
32365
32586
32666
32777
32810
32817
32868
32994
33002
33028
33076
33165
33184
33226
33240
33261
33301
33368
33390
33576
33693
33749
33813
33828
33859
34021
34024
34116
34232
34288
34299
34379
34391
34409
34420
34425
34482
34504
34537
34539
34583
34611
34737
34783
34806
34875
34991
35026
35043
35079
35149
35155
35247
35289
35469
35502
35654
35693
35744
35976
36071
36134
36191
36220
36307
36354
36366
36395
36424
36645
36812
36863
36950
36993
37010
37043
37054
37075
37105
37170
37194
37248
37254
37334
37362
37423
37463
37531
37672
37680
37737
37887
37945
38063
38140
38258
38320
38334
38598
38663
38666
38698
38850
39131
39353
39362
39364
39388
39441
39516
39575
39634
39790
39800
39809
39836
40055
40060
40071
40143
40229
40271
40506
40536
40552
40661
40781
40837
40844
40899
40931
41003
41136
41272
41389
41453
41511
41631
41644
41672
41678
41759
41913
41978
42028
42194
42257
42263
42347
42455
42592
42621
42644
42655
42685
42715
42729
42783
42867
42907
43079
43087
43148
43301
43431
43508
43515
43642
43826
43980
44069
44073
44092
44244
44349
44396
44419
44436
44539
44594
44632
44815
44928
44967
45121
45127
45289
45328
45344
45416
45467
45819
46162
46185
46210
46292
46301
46364
46547
46578
46581
46630
46652
46681
46776
46811
46884
47015
47020
47040
47169
47407
47408
47463
47509
47552
47637
47652
47673
47841
48051
48110
48139
48242
48354
48371
48397
48456
48578
48642
48735
48977
49017
49115
49180
49278
49284
49346
49349
49399
49432
49541
49571
49735
49758
49893
49995
50118
50202
50241
50265
50425
50490
50506
50533
50539
50583
50660
50672
50769
50771
50809
50896
50939
50947
50956
50963
50987
51106
51195
51370
51493
51504
51635
51640
51689
51796
51885
52022
52104
52199
52267
52421
52473
52535
52567
52585
52607
52619
52684
52704
52723
52772
52782
52887
52898
52922
53127
53250
53287
53463
53563
53601
53662
53669
53807
53943
54118
54284
54372
54432
54462
54486
54487
54517
54582
54593
54623
54683
54730
54977
55028
55066
55176
55286
55442
55464
55538
55612
55692
55853
55940
55944
56200
56243
56379
56505
56579
56632
56738
56815
56857
56884
57164
57208
57212
57329
57531
57639
57653
57661
57666
57724
57725
57789
57835
57838
57933
57957
57975
58021
58123
58171
58200
58285
58317
58472
58539
58760
58791
58813
58899
58981
58983
59014
59096
59255
59333
59617
59687
59722
59944
60045
60433
60529
60717
60786
60801
60870
60919
60946
60968
61213
61510
61699
61744
61824
61871
61960
61984
62210
62251
62326
62328
62369
62376
62393
62410
62459
62487
62515
62770
62820
62836
62873
62962
63195
63230
63337
63381
63469
63505
63523
63559
63653
63672
63679
63848
63849
63865
63918
64068
64084
64157
64293
64347
64377
64425
64496
64551
64628
64638
64651
64728
64818
64834
64966
65008
65112
65292
65323
65333
65355
65363
65382
65392
65561
65683
65689
65701
65801
65805
65855
65905
66014
66071
66110
66112
66155
66165
66167
66233
66241
66351
66357
66733
66834
66997
67204
67387
67439
67561
67691
67813
67892
67894
67897
67942
68188
68197
68368
68465
68690
68705
68795
68866
68901
68937
69023
69091
69107
69183
69207
69377
69530
69567
69594
69657
69694
69707
69714
69737
69741
69773
69863
69938
70089
70184
70268
70277
70361
70364
70373
70606
70847
70974
71026
71054
71106
71111
71138
71143
71169
71357
71380
71463
71500
71622
71643
71648
71673
71758
71775
71878
72050
72301
72335
72404
72425
72456
72471
72593
72669
72944
72990
73171
73175
73230
73422
73456
73597
73611
73644
73647
73660
73722
73735
73815
73952
74088
74090
74118
74165
74205
74372
74552
74562
74652
74760
74817
74952
74970
74992
75004
75075
75107
75119
75232
75372
75385
75387
75394
75430
75636
75763
75828
75834
75883
76008
76183
76224
76274
76353
76650
76686
76725
76819
76894
76925
77006
77025
77039
77151
77257
77299
77353
77392
77448
77455
77532
77545
77582
77587
77600
77727
77728
77802
77847
78052
78186
78262
78272
78317
78319
78345
78360
78584
78706
78733
78752
78813
78854
78883
78927
78931
78957
79044
79048
79176
79188
79194
79308
79611
79713
79883
79986
80023
80082
80096
80148
80211
80243
80326
80402
80413
80508
80666
80706
80739
80794
80853
81028
81114
81157
81198
81205
81242
81306
81330
81475
81555
81592
81654
81693
81755
81778
81788
81926
81947
81953
81962
82006
82073
82079
82169
82237
82349
82557
82614
82615
82618
82627
82714
82824
82844
82982
83249
83534
83581
83660
83683
83807
83888
83892
83908
83909
83917
84152
84165
84235
84241
84262
84421
84423
84430
84483
84538
84736
84788
84872
84909
84967
85019
85048
85119
85172
85287
85338
85476
85502
85565
85680
85730
85830
85873
85957
85960
86021
86025
86070
86208
86214
86278
86523
86555
86736
86789
86807
86852
86957
87104
87173
87250
87377
87416
87427
87482
87736
87850
87888
87903
88083
88279
88302
88326
88433
88456
88547
88660
88675
88676
88853
88886
89000
89010
89028
89113
89119
89128
89231
89250
89374
89423
89430
89536
89578
89649
89711
89731
89883
89949
90154
90157
90301
90476
90623
90730
90775
90813
90869
90944
90992
91104
91286
91334
91354
91401
91437
91515
91517
91556
91679
91712
91734
91791
91857
91997
92008
92048
92150
92280
92363
92382
92475
92507
92639
92671
92936
93082
93132
93298
93450
93506
93819
93860
93878
93946
94250
94275
94307
94379
94393
94498
94554
94563
94617
94666
94693
94713
94878
95026
95045
95082
95128
95154
95206
95223
95360
95516
95537
95558
95631
95822
95864
95867
95943
96037
96059
96212
96399
96754
96765
96766
96895
97016
97019
97055
97128
97133
97270
97348
97374
97381
97401
97594
97667
97714
97806
97842
97856
97957
97987
98040
98096
98135
98313
98338
98411
98413
98546
98607
98612
98631
98669
98675
98843
98942
99028
99122
99174
99229
99250
99282
99314
99375
99408
99438
99583
99644
99775
99879
99991
100016
100059
100112
100129
100151
100186
100298
100604
100666
100793
100833
101075
101081
101186
101265
101356
101369
101377
101458
101495
101518
101606
101703
101760
101786
101809
101842
101868
101933
101960
101993
102009
102109
102140
102160
102241
102267
102315
102356
102434
102447
102480
102519
102567
102686
102770
102781
102929
103151
103208
103212
103322
103350
103457
103478
103498
103541
103640
103750
103875
103967
104011
104059
104066
104144
104400
104460
104466
104664
104672
104740
104855
104868
105024
105049
105133
105134
105308
105530
105568
105643
105663
105770
105908
106047
106142
106225
106340
106360
106491
106519
106693
106785
106793
106830
106934
107074
107089
107152
107245
107250
107306
107370
107507
107523
107539
107686
107892
107996
108093
108100
108121
108182
108220
108229
108236
108334
108418
108439
108463
108486
108618
108775
108902
109028
109146
109256
109280
109368
109372
109410
109484
109574
109622
109828
109830
109857
109866
110029
110127
110248
110345
110347
110497
110501
110570
110627
110702
110802
110888
110952
111005
111018
111026
111049
111099
111201
111230
111347
111600
111614
111651
111692
111697
111774
111791
112021
112074
112242
112281
112287
112310
112313
112361
112437
112468
112573
112600
112603
112730
112731
112741
112819
112853
112942
112996
113243
113279
113308
113536
113539
113543
113744
113753
113781
113921
113940
114116
114161
114172
114206
114215
114265
114348
114435
114520
114528
114543
114624
114721
114758
114876
115028
115057
115138
115182
115200
115221
115311
115320
115336
115340
115358
115395
115694
115698
115820
115830
115857
115936
116008
116162
116222
116374
116523
116580
116626
116629
116654
116809
116849
116853
116891
116959
117096
117222
117516
117524
117559
117892
117983
118145
118221
118346
118608
118897
118901
118974
119081
119138
119168
119226
119256
119289
119524
119606
119700
119785
119805
119876
119959
119996
120151
120164
120198
120229
120246
120326
120509
120610
120686
120770
120840
120851
121026
121050
121084
121265
121377
121432
121453
121629
121635
121641
121662
121853
121948
121961
122052
122111
122118
122215
122353
122400
122419
122421
122497
122711
122813
122935
122948
122995
123078
123231
123314
123339
123492
123514
123609
123721
123900
123929
123939
123960
124158
124231
124367
124396
124439
124543
124631
124679
124745
124820
124822
124824
124977
125041
125283
125368
125385
125428
125435
125495
125644
125686
125724
125738
125827
125895
125974
125989
126398
126430
126433
126487
126684
126693
126741
126820
126845
126906
126927
126939
126970
127087
127207
127221
127240
127255
127536
127803
127939
128009
128016
128099
128155
128246
128354
128416
128476
128632
128719
129101
129121
129157
129169
129208
129268
129325
129352
129360
129450
129804
129834
129849
129921
129947
130081
130323
130370
130431
130441
130483
130488
130684
130736
130831
131087
131115
131118
131127
131266
131340
131540
131639
131669
131719
131722
131883
131919
131934
131982
132012
132083
132210
132214
132221
132301
132305
132346
132413
132506
132537
132647
133102
133137
133261
133274
133277
133419
133427
133463
133621
133710
133816
133829
133951
133954
134005
134033
134067
134155
134169
134183
134250
134277
134297
134377
134456
134793
134805
134811
134882
135004
135092
135102
135179
135230
135254
135282
135395
135413
135415
135475
135605
135612
135717
135751
135788
135904
135936
135982
136009
136012
136037
136145
136170
136309
136361
136411
136458
136462
136464
136465
136563
136655
136801
136830
136860
136907
136958
136982
137164
137383
137413
137429
137432
137455
137482
137502
137533
137578
137591
137607
137636
137641
137643
137669
137699
137943
137993
137995
138061
138089
138227
138701
138756
138795
138803
138947
139005
139077
139334
139363
139374
139428
139442
139779
139913
140009
140032
140112
140306
140385
140420
140546
140630
140824
140853
140855
140986
141042
141092
141101
141148
141507
141604
141627
141669
141855
141878
141887
141914
141918
141975
142043
142059
142079
142155
142328
142422
142427
142472
142510
142556
142557
142570
142637
142694
142701
142710
142717
142740
142895
142941
142971
143063
143090
143181
143184
143315
143356
143455
143518
143587
143601
143682
143974
144160
144224
144478
144519
144654
144673
144713
144723
144802
144968
145035
145047
145251
145255
145266
145332
145365
145372
145381
145438
145625
145691
145779
145849
145856
145995
146000
146067
146126
146183
146213
146252
146254
146536
146553
146562
146642
146737
146926
146965
147088
147160
147334
147414
147415
147448
147463
147629
147796
147802
147916
148089
148207
148326
148467
148480
148547
148621
148625
148636
148712
148792
148808
148896
148986
148996
149061
149093
149224
149241
149254
149322
149374
149556
149624
149710
149806
149876
149953
150134
150147
150287
150307
150321
150343
150407
150449
150466
150579
150586
150588
150607
150957
150967
150981
151154
151170
151234
151300
151368
151374
151397
151617
151638
151653
151740
151775
151887
151981
152019
152024
152087
152140
152149
152171
152197
152304
152340
152423
152437
152473
152785
152819
152962
153021
153110
153128
153133
153193
153222
153301
153346
153369
153504
153870
153902
153909
153982
154068
154118
154143
154354
154404
154635
154858
154958
155002
155061
155110
155115
155116
155162
155287
155393
155562
155580
155598
155727
155929
155996
156010
156053
156079
156211
156221
156313
156497
156606
156630
156775
156924
156997
157047
157059
157138
157217
157238
157346
157402
157620
157647
157730
157766
157867
157888
158131
158163
158204
158208
158290
158305
158335
158386
158714
158792
158904
158905
158935
158976
159090
159189
159194
159263
159401
159545
159563
159694
159736
160022
160055
160161
160174
160229
160308
160376
160531
160550
160574
160599
160780
160795
160886
161296
161377
161388
161601
161641
161718
161751
161754
161840
161857
161932
161933
161935
162135
162145
162276
162284
162353
162411
162516
162561
162569
162669
162736
162817
162833
162964
162998
163260
163313
163393
163432
163555
163645
163688
163748
163819
163883
163976
164196
164208
164262
164404
164413
164626
164630
164712
164731
164747
164777
164823
164933
164994
165032
165072
165075
165082
165095
165199
165224
165242
165437
165478
165489
165511
165594
165619
165884
166028
166070
166104
166110
166214
166247
166262
166545
166569
166589
166636
166672
166838
166849
166889
166955
167034
167050
167103
167237
167305
167523
167531
167540
167711
167822
167893
167906
168094
168098
168179
168233
168258
168379
168450
168461
168741
168852
168932
169019
169265
169269
169308
169351
169469
169517
169735
169750
169753
169950
170048
170056
170193
170279
170336
170594
170659
170917
171175
171215
171310
171380
171433
171587
171623
171656
171871
172073
172075
172103
172105
172156
172175
172347
172401
172542
172645
172705
172717
172772
173051
173226
173261
173298
173325
173395
173399
173465
173476
173498
173632
173708
173748
173806
173830
173892
173941
173956
173963
174184
174235
174254
174281
174421
174554
174571
174697
174712
174733
174808
174862
175069
175124
175306
175425
175497
175548
175604
175619
175715
175844
175980
176106
176245
176272
176335
176345
176415
176425
176469
176531
176579
176582
176620
176666
176700
176795
176801
176992
177022
177082
177202
177343
177353
177357
177387
177455
177590
177591
177814
177835
177884
178032
178127
178216
178373
178494
178553
178613
178677
178807
178905
178913
178967
179021
179140
179163
179217
179241
179509
179533
179591
179608
179665
179793
179849
180027
180128
180292
180333
180335
180567
180603
180797
180822
180838
180884
180976
180995
181019
181032
181354
181369
181495
181538
181567
181601
181759
182209
182459
182475
182596
182602
182656
182723
182748
182751
182821
182857
182870
182871
182915
182943
182994
183140
183181
183191
183208
183245
183274
183424
183442
183461
183506
183555
183611
183702
183786
183838
183914
183994
184152
184235
184300
184330
184370
184390
184447
184494
184613
184659
184896
185091
185125
185142
185209
185286
185299
185386
185387
185435
185468
185527
185551
185650
185672
185678
185685
185714
185860
185873
185905
185911
185928
186096
186238
186260
186299
186337
186383
186401
186407
186421
186533
186562
186630
187090
187122
187179
187202
187204
187260
187272
187642
187711
187795
187913
187934
188006
188153
188308
188378
188431
188492
188493
188504
188588
188658
188772
188788
188856
188883
188913
188946
189042
189055
189106
189159
189188
189315
189334
189364
189393
189721
189740
189796
189806
189898
189919
189952
189985
190076
190080
190141
190221
190330
190369
190372
190393
190533
190579
190763
190794
190832
190901
190926
190996
191074
191246
191428
191430
191455
191486
191529
191617
191685
191696
191781
191802
191813
191967
191971
191974
192085
192190
192259
192302
192344
192451
192464
192485
192582
192593
192604
192631
192668
192674
192700
192742
192762
192772
192808
192877
193033
193044
193094
193192
193209
193230
193594
193640
193669
193815
193822
193967
193970
194059
194129
194162
194241
194278
194307
194381
194401
194457
194506
194551
194561
194760
194845
195161
195275
195320
195461
195573
195744
195849
195902
196072
196110
196178
196180
196324
196368
196396
196446
196454
196544
196551
196576
196594
196669
196757
196871
196905
196937
197014
197031
197063
197067
197262
197290
197418
197419
197454
197465
197486
197506
197508
197579
197601
197792
197826
197841
198006
198038
198040
198070
198142
198186
198240
198296
198336
198563
198587
198595
198622
198639
198652
198757
198861
198948
198994
199000
199018
199286
199327
199428
199435
199495
199538
199573
199575
199624
199691
199809
199843
199857
199941
200121
200272
200332
200360
200391
200546
200704
200728
200834
201159
201185
201266
201377
201460
201497
201577
201669
201761
201815
201819
201902
201944
201965
202100
202115
202130
202254
202268
202282
202362
202367
202482
202524
202618
202621
202635
202676
202730
202773
202856
203188
203350
203457
203481
203691
203743
203764
203772
203838
204263
204285
204322
204513
204564
204728
204729
204984
204992
205041
205394
205437
205579
205609
205717
205721
205788
205888
205901
205926
205938
206136
206169
206200
206221
206381
206559
206628
206652
206756
206783
206794
206840
206855
206902
206920
206947
207201
207217
207390
207403
207493
207528
208075
208229
208261
208373
208487
208494
208501
208522
208551
208837
208853
208902
209089
209292
209297
209340
209442
209468
209676
209721
209786
209801
209942
210077
210102
210107
210116
210137
210288
210345
210354
210451
210487
210511
210512
210531
210567
210601
210608
210648
210870
210875
210946
211230
211259
211272
211392
211666
211668
211754
211812
211977
211984
211999
212033
212040
212140
212144
212344
212462
212530
212644
212753
212801
212840
212889
212933
213033
213114
213153
213164
213185
213256
213268
213318
213353
213387
213568
213589
213637
213719
213752
214018
214060
214186
214213
214420
214460
214813
214821
214906
214914
214925
214933
215042
215063
215071
215370
215406
215448
215735
215776
215931
215960
216015
216090
216100
216116
216219
216330
216416
216441
216448
216449
216461
216488
216513
216517
216534
216538
216755
216760
216857
216920
216943
217032
217049
217078
217121
217218
217298
217377
217418
217441
217638
217645
217823
217858
217901
217932
217950
217960
217983
218009
218051
218119
218120
218139
218367
218474
218597
218627
218652
218712
218826
218828
218847
218907
219025
219072
219094
219197
219220
219255
219302
219407
219533
219605
219619
219687
219874
220014
220317
220327
220368
220508
220527
220583
220619
220812
220948
221173
221191
221212
221254
221273
221288
221403
221445
221449
221501
221595
221597
221602
221666
221687
221821
221822
221860
221910
221968
221997
222015
222050
222058
222222
222274
222284
222286
222498
222509
222688
222769
222815
222830
222880
222915
222916
222969
223036
223136
223218
223502
223555
223584
223592
223622
223636
223691
223904
223921
223940
223990
224019
224113
224201
224202
224243
224269
224295
224336
224345
224353
224433
224524
224675
224684
224697
224709
224795
224814
224816
224874
224917
224997
225003
225054
225382
225539
225598
225671
225749
225779
225896
225959
225961
226103
226181
226227
226274
226541
226647
226791
226908
226936
226982
227043
227044
227081
227319
227422
227437
227531
227532
227551
227572
227652
227679
227738
227757
227774
227775
227806
227832
228068
228144
228151
228230
228288
228301
228345
228377
228468
228561
228564
228620
228705
228805
228864
228869
228991
229104
229132
229149
229235
229242
229244
229264
229285
229333
229360
229615
229822
229944
229977
230014
230059
230065
230066
230095
230118
230246
230247
230362
230364
230372
230500
230590
230643
230646
230658
230714
230963
231061
231126
231234
231321
231382
231462
231474
231481
231563
231581
231620
231670
231742
231827
231834
231881
232029
232157
232324
232409
232452
232455
232494
232686
232939
232977
233104
233225
233262
233305
233324
233325
233563
233641
233656
233725
233731
233763
233777
233934
233978
233995
234062
234231
234291
234342
234457
234506
234673
234736
234751
234752
234785
234786
234865
234922
234925
235030
235215
235299
235328
235352
235362
235375
235388
235537
235578
235600
235756
235791
235815
235994
236053
236246
236404
236434
236471
236516
236586
236588
236667
236734
236813
236874
236929
236943
236949
237043
237127
237204
237285
237483
237545
237549
237578
237642
237675
237735
237741
237907
237938
238029
238033
238048
238071
238202
238319
238326
238339
238349
238397
238444
238604
238618
238638
238655
238685
238714
238726
238729
238774
238795
238914
238959
238975
238988
239051
239093
239105
239214
239308
239413
239483
239513
239532
239554
239581
239648
239875
239926
240111
240131
240183
240262
240376
240450
240546
240591
240632
240720
240725
240783
240883
240890
240918
241131
241149
241349
241370
241450
241498
241798
241813
241856
241864
241998
242117
242120
242139
242190
242293
242423
242450
242496
242500
242512
242564
242663
242683
242713
242733
242878
243005
243107
243148
243203
243210
243326
243336
243467
243494
243542
243777
243866
243961
244109
244268
244315
244388
244542
244591
244663
244698
244770
244797
244859
245209
245292
245331
245422
245460
245528
245609
245654
245712
245768
245828
245953
246036
246141
246207
246247
246288
246321
246352
246379
246380
246381
246533
246609
246659
246669
246758
246863
246910
246913
246946
247035
247142
247149
247151
247213
247220
247399
247407
247539
247614
247722
247752
247756
247785
247802
247881
247944
247994
248009
248374
248537
248629
248708
248727
248911
249000
249030
249032
249100
249115
249120
249249
249297
249300
249404
249475
249538
249569
249606
249638
249745
249790
249817
249873
249912
250034
250093
250233
250244
250270
250296
250318
250349
250663
250855
250926
250946
250974
251025
251033
251039
251058
251150
251247
251282
251345
251590
251760
251790
251886
251893
252297
252357
252375
252487
252527
252734
252872
252999
253126
253163
253252
253368
253448
253469
253499
253534
253576
253628
253675
253711
253750
253755
253787
253882
253898
253978
254019
254024
254045
254110
254228
254456
254497
254616
254692
254728
254868
254886
254955
254979
255032
255064
255088
255100
255203
255347
255395
255490
255499
255617
255705
255727
255744
255923
256030
256047
256125
256280
256392
256417
256696
256772
256870
256935
257184
257226
257273
257443
257444
257445
257547
257603
257716
257776
257920
257952
257976
258063
258092
258106
258280
258483
258495
258596
258635
258659
258865
258932
258969
259015
259203
259242
259297
259308
259428
259532
259604
259839
259861
259881
259883
259898
259933
259974
260140
260216
260403
260631
260666
260912
260917
261023
261037
261152
261267
261287
261399
261500
261558
261573
261615
261754
261775
261884
262220
262330
262368
262496
262573
262661
262804
262891
262958
263116
263243
263277
263296
263444
263480
263563
263651
263710
263745
263833
263889
263901
263927
264035
264048
264235
264241
264255
264319
264392
264455
264459
264547
264573
264616
264646
264695
264869
264947
265099
265135
265285
265326
265346
265382
265391
265422
265504
265519
265529
265627
265633
265695
265702
265716
265785
265845
265876
265897
265967
266009
266138
266158
266164
266173
266308
266316
266399
266452
266479
266609
266638
266743
266760
266980
267103
267161
267169
267191
267215
267405
267429
267455
267467
267488
267545
267629
267660
267683
267792
267915
267958
268074
268137
268142
268268
268291
268392
268408
268454
268477
268888
269011
269064
269121
269174
269230
269236
269313
269457
269644
269730
269769
269828
269841
269869
269954
270136
270140
270252
270336
270380
270450
270520
270821
270873
270891
270912
271044
271058
271095
271112
271144
271297
271308
271317
271326
271402
271545
271594
271806
271831
271858
271861
271867
271945
271956
272028
272036
272173
272323
272354
272406
272472
272522
272535
272730
272801
272855
272916
273026
273107
273226
273312
273341
273354
273376
273427
273477
273502
273531
273885
273977
274010
274046
274190
274327
274383
274462
274527
274554
274797
274921
274936
275006
275032
275071
275109
275148
275180
275287
275370
275390
275452
275473
275511
275643
275682
275707
275726
275766
275780
275828
275861
275908
275961
276042
276125
276212
276255
276302
276532
276633
276642
276678
276738
276812
276818
276903
277018
277037
277115
277150
277561
277591
277676
277743
277955
277999
278065
278108
278120
278293
278424
278570
278640
278642
278665
278721
278831
278833
278863
278878
278883
278948
278969
278995
279010
279040
279062
279086
279097
279357
279518
279644
279689
279706
279723
279769
279829
279914
279966
279983
280044
280079
280096
280107
280228
280262
280349
280439
280454
280459
280506
280619
280690
280826
280841
280934
280951
280962
281136
281177
281249
281261
281326
281417
281552
281609
281639
281763
281946
282099
282206
282213
282227
282350
282423
282485
282672
282706
282771
282798
282809
283003
283060
283204
283286
283562
283569
283605
283628
283784
283863
283875
284103
284190
284241
284347
284382
284416
284442
284515
284680
284768
284773
284854
284870
284915
284917
284924
284947
285024
285070
285090
285139
285188
285213
285221
285225
285319
285327
285445
285465
285528
285581
285585
285791
285793
285907
286090
286128
286257
286333
286365
286383
286430
286640
286653
286668
286717
286770
287069
287077
287386
287423
287469
287645
287649
287677
287703
287711
287784
287822
287854
288014
288171
288185
288193
288353
288377
288398
288454
288636
288708
288788
288791
288901
288969
289003
289173
289230
289328
289381
289620
289628
289680
289698
289726
289738
289814
289825
289881
289889
289956
290061
290121
290170
290238
290286
290353
290670
290742
290749
290764
290773
290787
290837
291009
291369
291432
291439
291468
291490
291544
291579
291601
291636
291640
291751
291770
291873
291901
291918
292062
292069
292126
292295
292350
292387
292518
292662
292705
292933
293209
293251
293278
293303
293313
293418
293451
293656
293661
293736
293839
293848
293928
294262
294443
294687
294746
294754
294798
294856
295028
295203
295222
295298
295308
295329
295425
295617
295645
295659
295703
295716
295739
295743
295934
296074
296137
296142
296277
296434
296440
296453
296565
296568
296585
296595
296604
296938
296974
296997
297204
297280
297304
297314
297355
297410
297475
297522
297638
297651
297722
297902
297910
297962
298000
298007
298078
298150
298341
298354
298356
298510
298516
298529
298651
298820
298869
298907
298915
299003
299096
299129
299172
299252
299435
299507
299548
299579
299691
299700
299809
299840
299857
299881
299916
299963
300025
300043
300080
300088
300089
300131
300166
300208
300317
300402
300416
300439
300509
300593
300660
300661
300746
300761
300857
300934
300963
300971
300991
301024
301045
301054
301079
301159
301197
301236
301269
301326
301406
301507
301534
301745
301788
301835
301843
301919
302178
302189
302322
302434
302502
302619
302692
302748
302842
302907
302915
303008
303036
303072
303141
303158
303194
303347
303351
303374
303438
303463
303511
303512
303654
303675
303694
303720
303809
303815
303849
303869
303924
303977
304003
304117
304292
304483
304486
304504
304610
304794
304899
304912
304934
305078
305227
305335
305369
305448
305489
305658
305703
305714
305731
305902
305964
306012
306038
306054
306346
306348
306364
306434
306507
306532
306533
306630
306663
306690
306750
306860
306957
307091
307250
307283
307406
307422
307601
307704
307764
307777
307907
307916
307936
308088
308147
308305
308309
308437
308461
308790
308855
308881
308898
308965
308968
309048
309072
309269
309285
309301
309572
309573
309586
309590
309843
309873
309947
309995
310065
310097
310157
310198
310256
310270
310292
310296
310449
310511
310557
310705
310737
310796
310863
310901
310903
310952
311093
311262
311344
311424
311574
311635
311683
311687
311727
311775
311827
311892
311919
312095
312115
312117
312123
312136
312182
312185
312324
312400
312558
312559
312615
312628
312654
312669
312712
312909
312947
313015
313064
313188
313199
313248
313284
313307
313350
313464
313498
313595
313606
313626
313706
313759
313778
313873
313980
314001
314051
314183
314222
314227
314299
314366
314562
314592
314650
314835
314847
315124
315157
315185
315192
315221
315283
315340
315391
315448
315548
315557
315689
315751
315758
315803
315806
315988
316065
316104
316114
316209
316231
316234
316361
316390
316488
316528
316799
316933
316968
316979
317015
317025
317059
317198
317269
317290
317356
317381
317395
317419
317445
317496
317567
317645
317720
317802
317811
317901
318008
318022
318054
318105
318106
318168
318251
318461
318555
318614
318685
318691
318832
318841
318906
318913
318964
319015
319021
319027
319076
319163
319193
319219
319223
319241
319264
319284
319323
319438
319630
319677
319692
319695
319720
319722
319741
319903
319904
320029
320079
320095
320110
320186
320218
320289
320305
320355
320373
320378
320442
320454
320475
320666
320864
320895
320932
320955
320959
320965
321011
321152
321181
321199
321234
321245
321330
321453
321454
321596
321625
321647
321669
321700
321764
321797
321817
321846
321855
321892
321982
322073
322103
322107
322108
322427
322585
322609
322623
322736
322743
322765
322766
322782
322804
322819
322864
322893
322901
322903
322938
323076
323129
323205
323229
323276
323365
323369
323439
323528
323535
323588
323776
323826
323881
323891
324008
324024
324101
324113
324242
324302
324321
324335
324441
324469
324615
324629
324643
324695
324718
324766
324803
325030
325031
325205
325249
325365
325390
325393
325610
325614
325922
326013
326019
326119
326155
326248
326253
326312
326331
326335
326345
326381
326632
326646
326664
326817
326831
327029
327060
327091
327253
327297
327307
327365
327386
327429
327543
327692
327898
328034
328063
328124
328286
328305
328364
328483
328552
328602
328663
328718
328789
329089
329103
329161
329199
329308
329343
329394
329716
329728
329766
329783
329882
329970
329996
330036
330039
330094
330155
330476
330491
330533
330549
330606
330765
330883
330889
330941
331047
331284
331357
331410
331431
331496
331609
331736
331802
331843
331873
331877
331967
332087
332092
332150
332255
332290
332305
332342
332711
332766
332790
332814
332838
332933
332989
333000
333189
333228
333240
333416
333431
333436
333621
333731
333743
333791
333840
333898
333927
333929
333936
334088
334127
334200
334203
334370
334463
334680
334762
334814
334917
334996
335082
335112
335378
335446
335475
335487
335601
335622
335692
335713
335747
335750
335819
335997
336075
336161
336310
336332
336423
336477
336505
336512
336662
336693
336784
336852
336870
336874
336949
337007
337105
337242
337345
337401
337450
337458
337588
337615
337670
337679
337692
337704
337744
337799
337833
337963
337973
338013
338023
338159
338271
338306
338349
338392
338417
338436
338447
338455
338477
338554
338562
338802
338887
338988
338999
339088
339100
339134
339287
339386
339445
339482
339511
339517
339557
339679
339738
339819
339936
339946
339966
339986
340092
340095
340204
340274
340289
340318
340336
340351
340492
340721
340725
340734
340764
340908
340915
340997
341054
341138
341184
341228
341266
341280
341291
341301
341303
341348
341418
341457
341480
341526
341539
341556
341564
341679
341798
341866
341948
342051
342059
342070
342081
342142
342235
342342
342373
342540
342590
342653
342664
342728
342747
342841
342865
342934
342986
343069
343085
343147
343168
343194
343245
343257
343327
343336
343399
343594
343599
343658
343782
343788
343881
343989
343993
344144
344172
344198
344233
344270
344374
344473
344483
344498
344604
344621
344663
344666
344684
344763
344837
344908
344998
345056
345164
345226
345263
345369
345489
345549
345900
345964
346074
346077
346134
346187
346236
346257
346267
346280
346301
346404
346447
346584
346611
346653
346723
346782
346898
346905
346943
346969
347177
347234
347407
347410
347565
347748
347820
347951
347991
348082
348213
348215
348224
348342
348370
348412
348482
348562
348622
348637
348685
348814
349115
349235
349399
349424
349519
349579
349592
349676
349680
349690
349696
349715
349745
349991
349997
350058
350222
350362
350536
350656
350689
350754
350906
351045
351103
351267
351269
351309
351328
351368
351417
351458
351595
351613
351669
351693
351815
351844
351870
351873
351956
351969
352040
352110
352269
352314
352318
352338
352392
352439
352601
352626
352645
352704
352705
352719
352812
352814
352832
352983
352993
353158
353228
353255
353451
353458
353484
353569
353617
353663
353871
353874
353910
353961
354078
354201
354363
354475
354524
354572
354761
354763
354823
354837
354861
354942
355028
355124
355165
355191
355195
355235
355291
355374
355376
355569
355577
355600
355684
355694
355699
355727
355752
355755
355899
355912
355930
355962
355979
356202
356209
356263
356296
356323
356431
356440
356467
356515
356584
356859
356863
356901
356919
357030
357072
357151
357154
357178
357253
357281
357386
357423
357493
357503
357784
357901
357988
358008
358044
358105
358167
358244
358269
358347
358364
358372
358420
358474
358550
358789
358860
358892
358920
358927
358984
359018
359028
359377
359406
359478
359511
359604
359743
359783
359822
359844
359893
360030
360086
360120
360173
360194
360213
360231
360244
360255
360457
360468
360474
360493
360584
360617
360619
360654
360748
360862
360926
361009
361323
361384
361490
361558
361565
361567
361644
361824
361870
362047
362067
362163
362206
362341
362345
362439
362468
362477
362492
362561
362580
362600
362659
362683
362698
362719
362804
362823
362955
362971
363046
363133
363139
363199
363218
363286
363315
363361
363383
363484
363514
363542
363561
363625
363656
363771
363776
363894
363914
363925
363935
364040
364117
364192
364408
364416
364448
364577
364652
364807
364843
364853
365005
365131
365204
365223
365233
365349
365360
365380
365396
365539
365636
365689
365768
365817
365831
365848
365860
365880
365910
365969
365983
366155
366181
366195
366199
366262
366301
366413
366467
366652
366671
366701
366722
366743
366823
366844
366906
367113
367148
367554
367569
367647
367680
367763
367997
368078
368083
368561
368687
368701
368713
368802
368814
368940
368999
369053
369062
369117
369162
369245
369271
369307
369410
369481
369482
369537
369589
369625
369787
369861
369904
369928
369959
370048
370100
370101
370126
370206
370249
370329
370553
370563
370608
370743
370873
370886
370997
371048
371079
371385
371395
371533
371616
371855
371899
371995
372004
372076
372083
372084
372159
372161
372234
372278
372297
372309
372341
372394
372403
372452
372459
372493
372496
372531
372548
372566
372573
372580
372631
372641
372667
372832
372864
372884
372904
372982
372985
373096
373162
373471
373587
373623
373715
373799
373837
373853
373875
373882
373972
373995
374187
374293
374296
374333
374339
374345
374346
374348
374431
374519
374560
374576
374678
374773
374789
374850
374859
374867
375001
375025
375030
375078
375092
375120
375136
375223
375311
375586
375619
375679
375765
375813
375820
375848
375998
376042
376081
376089
376184
376398
376461
376605
376716
376871
376899
376984
377020
377069
377156
377162
377178
377237
377269
377306
377315
377338
377360
377493
377512
377545
377606
377678
377727
377782
377848
377854
377914
378110
378189
378288
378296
378359
378427
378447
378462
378472
378523
378533
378588
378623
378723
378741
378747
378763
378915
378930
378957
378964
379255
379270
379305
379349
379376
379474
379475
379486
379549
379623
379636
379701
379759
379848
379929
379969
380104
380153
380429
380473
380493
380598
380610
380796
380871
380910
380929
380985
381005
381176
381187
381281
381313
381387
381520
381528
381572
381589
381750
381856
381924
381936
381949
382095
382185
382216
382282
382291
382335
382376
382440
382547
382601
382656
382673
382802
382900
382942
382986
383261
383331
383434
383437
383561
383716
383850
383909
384009
384145
384194
384198
384229
384241
384295
384344
384439
384494
384525
384553
384582
384637
384688
384697
384745
384803
384805
384961
384995
385064
385101
385119
385222
385305
385389
385473
385505
385524
385721
385865
385934
385989
386017
386157
386183
386241
386370
386468
386474
386487
386640
386845
387103
387117
387144
387173
387247
387249
387301
387349
387356
387377
387454
387550
387651
387823
387926
387941
388109
388132
388143
388174
388202
388256
388290
388329
388365
388444
388472
388486
388488
388504
388675
388842
388935
389170
389247
389253
389340
389346
389426
389532
389544
389573
389612
389652
389819
389832
389870
389904
389959
390013
390167
390192
390216
390254
390453
390505
390536
390570
390630
390727
390736
390760
390807
390882
390939
391004
391071
391099
391105
391141
391251
391369
391420
391441
391456
391589
391655
391675
391746
391832
391870
391914
392001
392060
392196
392346
392362
392539
392689
392741
392985
393010
393068
393104
393118
393429
393438
393494
393632
393702
393765
393767
393967
394020
394025
394091
394152
394171
394224
394268
394376
394403
394811
394860
394959
395064
395169
395272
395363
395489
395706
395720
395752
395852
396040
396065
396081
396142
396270
396312
396360
396375
396384
396510
396526
396546
396566
396647
396686
396732
396744
396751
396765
396815
397008
397070
397115
397164
397282
397286
397417
397440
397452
397499
397529
397534
397544
397665
397675
397739
397787
397890
397917
397920
397937
397938
398007
398042
398044
398081
398220
398270
398405
398412
398428
398500
398742
398801
398816
398974
398985
399120
399211
399248
399300
399312
399344
399379
399382
399459
399490
399738
399945
400013
400064
400077
400127
400133
400242
400262
400365
400382
400513
400620
400715
400842
400870
400958
401089
401131
401215
401267
401574
401656
401747
401787
401917
401992
402052
402127
402241
402243
402306
402386
402441
402462
402514
402541
402585
402616
402673
402747
402748
402768
402770
402818
402937
403057
403203
403373
403393
403397
403540
403579
403642
403792
403811
403890
403920
403941
404103
404267
404295
404329
404363
404519
404607
404706
404734
404741
404755
404756
404770
404794
404931
405185
405256
405610
405613
405683
405695
405771
405819
405846
405921
406025
406042
406062
406124
406232
406278
406312
406405
406708
406812
406884
406968
406989
407025
407084
407247
407276
407353
407406
407441
407496
407511
407518
407530
407697
407826
407834
407845
407868
407902
407943
407947
408050
408141
408160
408207
408250
408256
408416
408463
408469
408509
408589
408603
408605
408856
408977
409050
409237
409244
409316
409462
409486
409601
409696
409778
409790
409820
409967
410023
410075
410076
410298
410395
410436
410462
410621
410737
410767
410785
410789
410792
410832
410840
410888
410907
411010
411013
411084
411090
411104
411134
411152
411233
411282
411399
411400
411463
411511
411582
411636
411657
411807
411914
412020
412043
412097
412130
412357
412369
412423
412458
412537
412560
412571
412611
412737
412769
412877
412888
412935
413041
413146
413150
413248
413319
413328
413343
413350
413369
413415
413435
413445
413541
413591
413685
413758
413794
413795
413895
413960
413964
413977
414001
414013
414104
414126
414132
414168
414171
414324
414350
414367
414450
414500
414655
414690
414693
414699
414717
414731
414760
414776
414778
414917
414970
414999
415025
415099
415125
415220
415306
415356
415424
415445
415515
415540
415602
415774
415787
415806
415829
415830
415843
415846
415866
415876
415881
415909
415915
415921
416009
416064
416074
416107
416146
416161
416209
416219
416255
416261
416299
416323
416421
416430
416530
416535
416539
416547
416574
416584
416596
416634
416638
416660
416669
416684
416723
416762
416777
416782
416790
416798
416844
416872
416884
416939
416971
416980
417034
417037
417069
417144
417184
417193
417200
417228
417270
417290
417295
417325
417351
417370
417405
417408
417413
417459
417462
417466
417503
417563
417572
417578
417603
417605
417651
417655
417656
417694
417711
417719
417735
417752
417765
417775
417778
417809
417843
417862
417898
417900
417942
417975
417998
418013
418026
418093
418150
418182
418231
418275
418305
418335
418338
418387
418439
418449
418507
418518
418551
418594
418617
418686
418739
418747
418761
418775
418787
418822
418889
418924
418934
418957
418982
418991
418996
419003
419016
419023
419026
419054
419105
419124
419157
419165
419199
419205
419216
419224
419234
419309
419312
419318
419355
419361
419368
419372
419395
419399
419407
419442
419455
419467
419473
419502
419534
419546
419559
419590
419596
419671
419688
419734
419749
419790
419807
419819
419862
419866
419879
419925
419970
419990
420003
420012
420040
420058
420077
420096
420103
420125
420144
420176
420181
420187
420203
420211
420214
420277
420296
420300
420328
420358
420369
420390
420403
420421
420445
420460
420473
420474
420501
420509
420515
420529
420534
420593
420601
420611
420612
420651
420654
420685
420692
420703
420735
420749
420756
420800
420801
420811
420848
420860
420870
420875
420879
420896
420917
420951
420956
420996
421002
421031
421050
421055
421066
421093
421096
422125
422135
422166
422195
422226
422237
422276
422307
422400
422431
422455
422474
422492
422499
422514
422525
422533
422570
422573
422616
422649
422696
422697
422711
422743
422777
422780
422807
422808
422888
422952
422956
422968
422994
423008
423036
423039
423089
423094
423127
423149
423159
423173
423186
423220
423262
423268
423283
423289
423326
423341
423342
423369
423370
423411
423418
423448
423491
423496
423551
423606
423642
423645
423647
423652
423682
423710
423752
423774
423798
423803
423816
423834
423837
423865
423870
423879
423887
423919
423932
423942
423946
423957
423964
423984
424040
424104
424128
424138
424140
424206
424221
424246
424295
424297
424311
424331
424390
424430
424441
424508
424509
424512
424540
424546
424557
424572
424592
424595
424616
424663
424672
424687
424694
424769
424790
424819
424879
424882
424922
425001
425003
425029
425035
425051
425060
425081
425116
425133
425134
425154
425171
425179
425224
425233
425248
425297
425300
425311
425354
425370
425418
425439
425444
425479
425502
425646
425649
425668
425675
425700
425703
425736
425744
425751
425847
425885
425887
425909
425961
425975
425978
425979
426018
426050
426055
426057
426073
426082
426098
426146
426148
426172
426182
426208
426283
426295
426296
426325
426342
426364
426369
426382
426389
426393
426404
426411
426419
426421
426439
426461
426563
426593
426624
426726
426779
426780
426786
426789
426822
426839
426846
426888
426923
426929
426948
426962
426967
426983
426995
427026
427071
427088
427094
427119
427136
427155
427163
427165
427193
427248
427275
427277
427278
427290
427325
427356
427383
427389
427415
427423
427474
427531
427569
427606
427615
427631
427663
427666
427698
427730
427737
427781
427790
427829
427847
427863
427867
427879
427907
427923
427931
427942
427966
427971
427980
427983
427986
428019
428022
428031
428050
428051
428055
428067
428098
428116
428128
428137
428154
428197
428211
428241
428244
428250
428255
428266
428273
428327
428404
428466
428481
428498
428512
428516
428530
428547
428571
428615
428631
428683
428691
428792
428815
428877
428892
428898
428923
428924
429037
429038
429097
429130
429145
429193
429198
429200
429297
429313
429317
429319
429350
429409
429415
429418
429448
429479
429503
429506
429539
429561
429574
429587
429684
429688
429749
429758
429779
429823
429829
429844
429883
429919
429923
429931
429944
429952
429968
430031
430091
430134
430143
430146
430214
430217
430219
430266
430299
430318
430319
430336
430343
430378
430438
430447
430499
430528
430537
430542
430567
430579
430593
430687
430699
430715
430729
430771
430777
430795
430803
430820
430841
430879
430903
430956
430975
430976
430981
430991
431011
431014
431048
431082
431111
431135
431154
431155
431157
431162
431222
431228
431231
431240
431241
431248
431294
431338
431347
431348
431375
431390
431396
431420
431439
431450
431469
431520
431527
431533
431549
431572
431590
431591
431594
431654
431662
431669
431700
431707
431758
431760
431791
431830
431834
431863
431873
431888
431928
431946
431958
431992
431993
432029
432048
432057
432074
432116
432144
432164
432166
432183
432205
432253
432294
432309
432313
432341
432342
432381
432396
432409
432414
432423
432425
432432
432436
432445
432468
432479
432480
432502
432517
432534
432539
432560
432569
432579
432635
432639
432665
432675
432684
432710
432713
432716
432730
432738
432750
432776
432778
432789
432817
432879
432915
432929
432953
432971
432982
432989
433004
433017
433026
433077
433104
433133
433147
433151
433154
433158
433164
433232
433241
433249
433263
433295
433314
433350
433363
433398
433425
433430
433443
433457
433480
433484
433504
433510
433549
433555
433564
433606
433630
433655
433660
433671
433699
433711
433760
433794
433876
433921
433930
433938
433967
433968
433979
433987
434020
434025
434035
434059
434099
434131
434159
434172
434191
434216
434218
434251
434263
434301
434323
434395
434400
434407
434464
434514
434522
434534
434544
434568
434594
434599
434684
434726
434727
434778
434798
434802
434820
434830
434834
434891
434921
434942
434960
434999
435004
435015
435025
435068
435078
435104
435142
435252
435256
435295
435316
435336
435360
435394
435403
435420
435437
435484
435496
435513
435530
435583
435590
435607
435618
435651
435668
435702
435783
435841
435866
435868
435871
435889
435893
435900
435917
435943
435950
435954
436026
436040
436082
436090
436094
436104
436126
436219
436223
436327
436368
436391
436397
436444
436468
436472
436502
436505
436523
436550
436562
436592
436599
436610
436638
436650
436701
436709
436717
436722
436723
436757
436806
436842
436884
436902
436957
436997
437009
437027
437029
437058
437067
437087
437096
437099
437122
437142
437168
437241
437251
437261
437271
437273
437284
437297
437331
437369
437394
437414
437417
437424
437441
437446
437456
437479
437484
437499
437514
437574
437578
437579
437590
437593
437599
437626
437667
437675
437686
437692
437717
437738
437744
437808
437816
437822
437845
437907
437912
437915
437917
437924
437979
437990
437995
438022
438048
438051
438062
438067
438086
438114
438115
438127
438135
438156
438232
438256
438276
438279
438379
438390
438396
438417
438477
438541
438595
438610
438635
438655
438741
438743
438762
438809
438852
438857
438869
438880
438881
438892
438905
438913
438918
438981
439030
439038
439047
439056
439069
439089
439102
439240
439254
439265
439293
439322
439325
439328
439368
439369
439406
439411
439462
439489
439532
439536
439538
439585
439586
439594
439640
439662
439667
439685
439704
439745
439780
439796
439813
439836
439860
439869
439917
439957
439964
439967
439987
440022
440049
440056
440118
440125
440139
440157
440164
440165
440171
440193
440207
440219
440221
440232
440240
440260
440263
440293
440324
440346
440380
440383
440401
440404
440440
440477
440489
440502
440508
440541
440547
440565
440579
440584
440613
441677
441713
441737
441740
441741
441758
441772
441818
441895
441898
441920
441928
441934
441971
441998
442069
442091
442106
442179
442187
442207
442218
442273
442281
442354
442368
442453
442458
442495
442515
442564
442604
442625
442628
442630
442641
442646
442659
442670
442676
442683
442717
442767
442784
442794
442819
442868
442877
442882
442896
442942
442967
442971
442995
443001
443025
443031
443056
443089
443093
443100
443112
443119
443133
443167
443169
443181
443184
443189
443219
443423
443493
443521
443528
443538
443559
443568
443636
443637
443664
443685
443709
443721
443763
443766
443806
443824
443839
443851
443873
443874
443887
443888
443900
443931
443932
443936
443942
444074
444079
444114
444143
444157
444175
444206
444210
444216
444221
444250
444318
444328
444330
444331
444350
444354
444377
444383
444391
444410
444459
444533
444561
444604
444632
444657
444674
444675
444690
444722
444735
444766
444771
444773
444793
444826
444829
444846
444874
444876
444925
444937
444965
444975
444979
445020
445041
445047
445076
445077
445142
445162
445186
445216
445221
445251
445260
445272
445307
445308
445328
445333
445355
445362
445375
445384
445397
445419
445449
445462
445468
445488
445507
445545
445581
445595
445597
445608
445615
445617
445627
445649
445655
445706
445739
445749
445762
445770
445774
445788
445791
445804
445809
445821
445822
445841
445890
445905
445916
445958
446029
446048
446054
446093
446108
446120
446124
446197
446241
446250
446258
446273
446275
446326
446378
446397
446399
446405
446412
446435
446443
446482
446492
446494
446546
446611
446642
446660
446674
446677
446685
446712
446761
446817
446858
446872
446899
446903
446904
446908
447006
448073
448111
448113
448122
448128
448150
448228
448239
448242
448250
448303
448304
448356
448385
448395
448400
448419
448462
448484
448496
448501
448518
448523
448573
448645
448694
448819
448844
448905
448929
448948
448999
449011
449023
449024
449029
449085
449118
449122
449152
449161
449186
449192
449232
449284
449304
449311
449387
449393
449406
449465
449496
449570
449596
449599
449641
449667
449727
449735
449748
449804
449864
449865
449890
449919
449927
449960
449985
449993
450013
450023
450033
450039
450051
450082
450092
450101
450110
450128
450131
450132
450142
450149
450164
450167
450186
450200
450208
450221
450237
450263
450271
450274
450276
450334
450335
450362
450366
450412
450418
450428
450442
450479
450524
450574
450575
450592
450626
450638
450641
450666
450670
450693
450703
450721
450752
450805
450845
450866
450887
450900
450927
450932
450959
451124
451148
451167
451188
451202
451218
451229
451276
451287
451305
451307
451319
451344
451345
451378
451387
451398
451457
451509
451514
451536
451542
451549
451552
451572
451575
451586
451587
451614
451650
451662
451668
451676
451684
451691
451716
451776
451778
451797
451802
451809
451825
451845
451892
451910
451932
451936
451940
451969
452003
452008
452016
452027
452036
452068
452099
452108
452110
452140
452175
452231
452238
452261
452284
452300
452321
452331
452332
452339
452344
452358
452391
452435
452449
452458
452497
452532
452563
452591
452596
452636
452642
452652
452676
452701
452752
452783
452789
452790
452808
452825
452832
452837
452860
452862
452872
452913
452927
452934
452979
452991
452995
452997
453004
453048
453059
453062
453066
453096
453097
453102
453114
453118
453159
453173
453194
453213
453220
453241
453251
453289
453309
453313
453321
453343
453354
453373
453391
453400
453409
453439
453448
453486
453520
453545
453614
453619
453629
453702
453705
453711
453718
453721
453777
453812
453879
453883
453925
453926
453946
453971
453992
454013
454029
454039
454059
454108
454119
454122
454137
454155
454179
454185
454195
454215
454217
454233
454263
454276
454282
454299
454301
454306
454353
454376
454381
454394
454401
454413
454418
454421
454422
454480
454497
454512
454523
454527
454530
454543
454597
454599
454601
454623
454654
454702
454744
454762
454786
454817
454830
454852
454906
454907
454928
454997
455008
455010
455029
455061
455070
455078
455087
455108
455144
455181
455195
455204
455263
455264
455270
455285
455296
455315
455334
455375
455408
455440
455463
455471
455485
455527
455544
455549
455558
455612
455650
455652
455655
455708
455732
455742
455794
455800
455829
455843
455849
455853
455862
455902
455924
455964
456007
456009
456011
456021
456031
456034
456106
456112
456140
456152
456180
456184
456187
456232
456241
456294
456303
456346
456367
456368
456381
456449
456458
456476
456530
456549
456575
456578
456618
456619
456623
456625
456645
456671
456690
456704
456707
456757
456791
456793
456810
456820
456831
456840
456850
456863
456867
456884
456899
456908
456923
456936
457008
457032
457036
457037
457047
457056
457069
457092
457105
457106
457135
457139
457162
457173
457200
457207
457243
457264
457270
457311
457315
457349
457355
457364
457377
457385
457394
457417
457421
457426
457429
457434
457439
457442
457466
457479
457513
457517
457519
457521
457573
457604
457628
457659
457675
457759
457811
457863
457888
457980
457990
458079
458111
458139
458163
458164
458179
458248
458290
458381
458423
458464
458468
458520
458521
458559
458565
458576
458606
458613
458643
458646
458662
458668
458670
458676
458677
458699
458723
458742
458764
458830
458835
458840
458846
458867
458900
458918
458931
458960
459008
459029
459060
459066
459098
459125
459154
459156
459157
459172
459197
459221
459240
459251
459322
459324
459326
459373
459387
459429
459433
459460
459463
459479
459483
459525
459534
459541
459552
459558
459590
459627
459634
459638
459644
459646
459658
459685
459710
459720
459740
459759
459793
459826
459849
459851
459908
459934
459956
459981
459999
460013
460021
460052
460058
460060
460085
460090
460097
460111
460126
460150
460188
460192
460207
460213
460250
460263
460269
460270
460276
460301
460309
460330
460331
460359
460374
460375
460397
460404
460452
460467
460474
460497
460512
460545
460551
460559
460592
460618
460628
460630
460642
460672
460686
460750
460755
460800
460817
460855
460865
460873
460889
460897
460924
460936
460940
460974
460984
460993
461017
461020
461067
461089
461105
461138
461147
461151
461157
461164
461174
461183
461187
461188
461260
461282
461295
461323
461351
461368
461379
461382
461428
461449
461461
461501
461509
461547
461561
461564
461582
461584
461593
461600
461649
461686
461691
461725
461749
461752
461787
461837
461838
461846
461850
461959
461963
461964
461970
462029
462042
462044
462047
462092
462113
462116
462120
462130
462148
462160
462162
462173
462195
462203
462223
462227
462229
462246
462251
462267
462284
462300
462313
462327
462366
462367
462386
462398
462411
462429
462441
462453
462474
462496
462514
462519
462532
462571
462573
462579
462582
462590
462633
462636
462667
462686
462701
462742
462744
462749
462760
462767
462775
462820
462826
462833
462874
462907
462908
462917
462925
462926
462976
462977
463050
463108
463121
463138
463170
463187
463216
463270
463298
463315
463333
463340
463356
463359
463373
463382
463388
463395
463404
463424
463440
463451
463455
463458
463467
463500
463536
463542
463550
463553
463557
463572
463592
463598
463613
463678
463740
463743
463756
463760
463776
463785
463804
463805
463807
463811
463822
463859
463880
463919
463922
463943
463952
463954
463973
463998
464006
464028
464034
464043
464062
464090
464113
464146
464150
464166
464221
464230
464306
464310
464337
464354
464364
464379
464384
464460
464491
464502
464509
464537
464542
464555
464562
464572
464576
464661
464668
464702
464708
464747
464752
464757
464766
464770
464772
464790
464803
464813
464824
464842
464860
464952
464983
465024
465027
465071
465076
465085
465102
465125
465151
465219
465246
465295
465304
465313
465356
465364
465367
465377
465378
465387
465391
465394
465407
465435
465451
465452
465463
465464
465532
465556
465565
465566
465571
465593
465611
465621
465671
465674
465682
465686
465702
465759
465761
465770
465821
465834
465911
465935
465969
465979
466047
466051
466059
466069
466112
466140
466143
466154
466177
466189
466199
466213
466233
466243
466281
466285
466286
466296
466309
466347
466357
466360
466364
466369
466388
466409
466451
466508
466558
466589
466591
466680
466684
466830
466904
466931
466945
466955
467002
467005
467049
467070
467085
467229
467263
467281
467284
467300
467304
467306
467337
467382
467386
467390
467428
467452
467468
467478
467488
467535
467624
467635
467678
467687
467691
467706
467761
467770
467779
467789
467804
467806
467812
467825
467828
467872
467878
467885
467952
467953
467965
467980
467987
467992
468001
468004
468046
468048
468089
468100
468117
468129
468165
468180
468199
468223
468253
468254
468255
468283
468304
468306
468323
468341
468353
468376
468389
468396
468416
468441
468451
468461
468469
468470
468496
468552
468568
468603
468604
468621
468710
468722
468724
468780
468788
468790
468795
468803
468840
468852
468858
468868
468892
468917
468928
468942
469017
469055
469059
469071
469084
469103
469124
469127
469143
469146
469156
469157
469163
469180
469198
469207
469248
469263
469274
469300
469362
469369
469374
469391
469398
469419
469428
469463
469500
469528
469529
469534
469566
469573
469586
469606
469627
469673
469681
469706
469712
469713
469725
469758
469803
469807
469809
469812
469837
469853
469858
469862
469882
469915
469946
470017
470023
470043
470069
470080
470110
470115
470126
470133
470141
470142
470186
470210
470211
470244
470248
470259
470274
470302
470321
470322
470393
470410
470449
470453
470460
470469
470490
470491
470497
470501
470509
470510
470534
470538
470557
470619
470628
470658
470660
470682
470685
470722
470783
470786
470812
470819
470840
470842
470876
470940
470981
470983
471019
471074
471080
471085
471113
471119
471131
471212
471213
471231
471247
471267
471273
471296
471300
471329
471367
471370
471417
471421
471444
471447
471451
471455
471466
471479
471490
471518
471567
471578
471604
471610
471631
471639
471682
471703
471731
471747
471792
471835
471843
471848
471868
471871
471889
471912
471914
471915
471917
471940
471943
472021
472048
472186
472215
472221
472264
472266
472277
472279
472313
472353
472363
472392
472398
472412
472418
472427
472474
472518
472522
472559
472569
472574
472583
472602
472629
472638
472649
472673
472702
472710
472728
472777
472782
472795
472805
472810
472817
472833
472836
472849
472850
472876
472885
472903
472909
472959
472962
472966
472976
473021
473061
473083
473127
473188
473212
473229
473233
473304
473315
473346
473350
473354
473378
473450
473451
473493
473526
473543
473558
473574
473596
473598
473622
473626
473644
473664
473683
473684
473693
473694
473720
473733
473738
473758
473770
473771
473784
473862
473863
473890
473895
473934
473985
473999
474036
474048
474119
474125
474130
474160
474250
474255
474260
474263
474324
474328
474330
474361
474380
474438
474469
474500
474509
474520
474546
474552
474553
474610
474614
474628
474644
474649
474659
474662
474682
474699
474701
474753
474774
474785
474799
474823
474875
474927
474929
474932
474953
474965
474996
475013
475018
475021
475064
475091
475147
475201
475215
475267
475280
475287
475288
475292
475295
475341
475356
475366
475413
475494
475509
475514
475539
475549
475550
475558
475560
475570
475576
475583
475592
475627
475635
475650
475651
475665
475676
475680
475733
475739
475741
475765
475774
475826
475868
475878
475882
475885
475886
475913
475919
475994
476016
476033
476035
476062
476121
476181
476188
476189
476192
476198
476223
476260
476290
476299
476302
476318
476333
476365
476368
476373
476374
476428
476433
476448
476466
476495
476512
476533
476539
476544
476545
476554
476573
476594
476606
476625
476633
476638
476642
476657
476678
476703
476725
476790
476837
476863
476867
476926
476928
476943
476970
477009
477021
477055
477061
477087
477109
477156
477169
477184
477206
477212
477216
477308
477342
477344
477383
477439
477443
477455
477471
477508
477528
477612
477629
477688
477692
477698
477703
477722
477745
477752
477762
477800
477811
477822
477825
477835
477871
477891
477914
477926
477936
477951
477995
478000
478037
478045
478052
478143
478156
478169
478204
478245
478306
478323
478376
478408
478427
478431
478481
478488
478500
478514
478519
478555
478561
478592
478623
478631
478634
478653
478665
478671
478716
478723
478737
478752
478766
478769
478822
478847
478879
478886
478917
478923
478932
478936
478937
478954
478965
478983
478992
479032
479057
479060
479088
479140
479141
479210
479212
479215
479223
479237
479238
479250
479310
479358
479376
479378
479393
479408
479424
479439
479450
479471
479485
479503
479508
479544
479555
479559
479565
479572
479615
479630
479668
479669
479676
479686
479689
479710
479747
479760
479787
479803
479845
479852
479860
479862
479865
479889
479891
479900
479939
479949
479957
479963
479974
479986
479987
480052
480064
480076
480098
480115
480142
480161
480170
480188
480195
480230
480262
480285
480376
480378
480393
480409
480421
480422
480425
480455
480460
480464
480486
480492
480536
480537
480554
480608
480612
480616
480641
480643
480645
480647
480685
480702
480740
480749
480751
480773
480823
480850
480887
480931
480969
480975
480986
480999
481001
481019
481024
481033
481072
481076
481103
481158
481160
481167
481169
481221
481260
481271
481297
481360
481377
481391
481425
481437
481487
481498
481513
481516
481567
481581
481636
481657
481670
481674
481689
481707
481708
481709
481722
481726
481729
481737
481741
481749
481755
481762
481800
481803
481823
481825
481850
481904
481946
481961
481977
482005
482020
482069
482132
482168
482230
482264
482270
482274
482281
482314
482332
482341
482353
482355
482356
482367
482380
482387
482396
482426
482485
482507
482509
482541
482559
482567
482568
482588
482593
482616
482627
482644
482749
482768
482785
482869
482973
482974
482981
483046
483067
483075
483077
483089
483095
483126
483132
483156
483160
483183
483191
483195
483220
483221
483229
483247
483296
483305
483323
483361
483384
483409
483412
483424
483425
483481
483485
483494
483506
483511
483512
483515
483559
483572
483576
483581
483616
483620
483622
483650
483696
483723
483735
483740
483779
483803
483826
483830
483865
483876
483879
483888
483917
483948
483961
483964
483970
484031
484061
484112
484121
484135
484158
484184
484265
484273
484283
484288
484362
484363
484411
484462
484471
484473
484484
484493
484500
484541
484584
484607
484614
484626
484660
484667
484673
484674
484721
484735
484736
484749
484754
484787
484822
484832
484834
484843
484902
484912
484914
484934
484946
484958
484966
485003
485061
485096
485120
485125
485126
485127
485137
485198
485239
485294
485299
485303
485331
485337
485343
485383
485386
485392
485405
485465
485479
485482
485491
485506
485578
485605
485608
485655
485658
485661
485711
485713
485714
485726
485739
485763
485823
485871
485879
485898
485948
485950
485954
485966
485982
485994
486025
486057
486079
486091
486125
486126
486150
486157
486177
486178
486209
486243
486270
486280
486300
486309
486331
486332
486348
486368
486370
486385
486436
486472
486544
486555
486557
486559
486583
486595
486605
486618
486622
486648
486649
486666
486696
486707
486708
486721
486762
486769
486807
486814
486838
486842
486845
486848
486858
486899
486902
486958
486959
486967
487030
487043
487047
487058
487070
487073
487193
487212
487227
487272
487280
487287
487300
487317
487322
487374
487375
487394
487430
487441
487446
487464
487490
487491
487493
487498
487538
487552
487587
487654
487660
487677
487681
487742
487799
487805
487807
487849
487859
487868
487895
487897
487916
487935
487940
487975
487993
487994
488019
488029
488038
488042
488048
488074
488095
488099
488111
488135
488166
488167
488204
488219
488289
488297
488304
488408
488427
488432
488433
488435
488482
488487
488518
488658
488662
488688
488691
488725
488784
488804
488814
488847
488855
488862
488928
488953
489010
489044
489073
489074
489076
489113
489158
489174
489177
489190
489202
489208
489221
489230
489259
489291
489296
489299
489302
489366
489368
489381
489383
489384
489396
489404
489442
489446
489500
489504
489513
489534
489536
489594
489632
489635
489641
489643
489674
489678
489692
489720
489744
489756
489764
489785
489788
489813
489839
489842
489866
489871
489882
489903
489918
489920
489940
489976
489990
489996
490003
490019
490024
490064
490081
490082
490088
490096
490105
490138
490159
490164
490187
490220
490229
490320
490339
490352
490411
490417
490427
490443
490479
490484
490520
490536
490640
490660
490687
490703
490729
490735
490736
490753
490758
490775
490776
490782
490785
490804
490821
490829
490877
490944
490945
490967
491001
491012
491062
491063
491123
491132
491134
491142
491162
491186
491211
491212
491224
491231
491240
491241
491258
491351
491356
491378
491389
491402
491412
491417
491421
491452
491453
491487
491495
491515
491528
491539
491580
491632
491675
491678
491683
491711
491778
491823
491831
491837
491839
491897
491922
491939
491948
491955
491963
491979
492003
492033
492036
492060
492120
492136
492187
492194
492197
492227
492233
492237
492241
492242
492253
492264
492267
492269
493319
493345
493364
493385
493393
493460
493490
493535
493538
493566
493676
493681
493761
493776
493810
493826
493841
493843
493847
493860
493869
493871
493907
493927
493934
493955
493959
493968
494004
494011
494020
494027
494065
494071
494074
494086
494112
494127
494134
494149
494183
494204
494239
494247
494300
494318
494319
494321
494367
494375
494381
494401
494437
494470
494508
494512
494530
494557
494568
494579
494604
494638
494643
494644
494655
494670
494672
494677
494698
494739
494753
494756
494764
494771
494787
494789
494790
494811
494827
494829
494936
494951
494972
494998
495004
495035
495063
495067
495081
495108
495117
495189
495220
495237
495257
495263
495270
495281
495359
495377
495404
495412
495419
495422
495440
495466
495485
495492
495524
495553
495555
495557
495619
495672
495681
495685
495714
495718
495719
495745
495746
495802
495819
495824
495840
495853
495903
495933
495954
495996
496005
496022
496028
496054
496059
496072
496086
496142
496160
496171
496176
496203
496207
496213
496253
496296
496305
496324
496353
496359
496366
496379
496385
496412
496425
496427
496473
496480
496508
496565
496597
496611
496654
496696
496699
496718
496727
496761
496806
496833
496865
496866
496870
496873
496890
496894
496947
496995
497029
497030
497093
497107
497133
497149
497154
497156
497167
497221
497225
497248
497260
497268
497272
497296
497362
497411
497437
497445
497458
497490
497499
497500
497544
497633
497644
497655
497665
497688
497695
497702
497710
497711
497712
497741
497742
497756
497801
497810
497814
497840
497869
497907
497927
497930
497954
497955
497989
498001
498034
498049
498053
498066
498069
498079
498093
498099
498120
498129
498146
498148
498150
498152
498185
498187
498194
498210
498237
498240
498241
498244
498307
498326
498336
498343
498349
498362
498404
498447
498448
498450
498452
498460
498470
498471
498482
498500
498513
498520
498554
498574
498591
498607
498612
498639
498643
498660
498673
498677
498678
498683
498710
498736
498742
498807
498814
498836
498883
498910
498913
498925
498989
498996
499017
499035
499064
499068
499089
499117
499125
499138
499198
499216
499278
499279
499283
499297
499306
499314
499341
499353
499366
499397
499420
499449
499681
499702
499716
499776
499780
499826
499830
499882
499896
499901
499903
499906
499923
499937
499945
499950
499954
499969
499985
500027
500041
500046
500072
500089
500131
500148
500157
500245
500250
500260
500284
500342
500343
500357
500377
500380
500393
500415
500428
500432
500438
500441
500445
500457
500495
500502
500511
500512
500516
500521
500535
500557
500599
500633
500645
500724
500728
500751
500786
500796
500811
500829
500856
500865
500873
500885
500892
500931
500936
500955
500957
500982
500994
501002
501034
501052
501060
501069
501080
501092
501126
501166
501185
501196
501275
501429
501461
501493
501495
501556
501593
501602
501625
501647
501671
501678
501741
501792
501804
501840
501873
501882
501914
501984
502018
502032
502068
502071
502090
502170
502172
502175
502187
502191
502200
502238
502267
502270
502277
502317
502334
502358
502387
502393
502404
502414
502418
502428
502429
502445
502462
502513
502543
502569
502613
502646
502650
502692
502703
502750
502779
502832
502855
502870
502881
502900
502902
502916
502923
502930
502933
502940
502958
502978
502984
503046
503099
503101
503103
503154
503156
503182
503193
503204
503227
503228
503242
503255
503277
503285
503310
503318
503333
503420
503459
503477
503504
503512
503552
503555
503567
503600
503616
503650
503662
503688
503707
503731
503768
503785
503824
503836
503838
503847
503873
503895
503913
503938
503944
503979
503988
504016
504064
504066
504098
504152
504161
504166
504191
504279
504294
504319
504328
504359
504361
504371
504381
504388
504402
504417
504422
504430
504478
504493
504527
504543
504558
504565
504620
504627
504628
504656
504682
504694
504719
504814
504825
504879
504885
504891
504903
504906
504907
504936
504942
504975
505018
505027
505061
505078
505081
505086
505120
505127
505166
505224
505246
505310
505333
505355
505360
505411
505422
505485
505499
505508
505510
505521
505522
505523
505537
505572
505584
505589
505602
505608
505618
505619
505647
505700
505767
505774
505826
505835
505845
505846
505865
505868
505874
505891
505909
505934
505950
505987
505990
506010
506040
506059
506065
506122
506131
506189
506201
506233
506237
506245
506252
506291
506325
506337
506378
506421
506433
506442
506443
506478
506483
506508
506513
506516
506522
506543
506550
506566
506577
506593
506633
506634
506647
506719
506749
506783
506786
506804
506818
506826
506828
506860
506913
506939
506983
506994
507065
507165
507210
507215
507243
507274
507288
507316
507324
507352
507364
507381
507400
507417
507486
507533
507544
507669
507672
507683
507691
507702
507746
507765
507803
507812
507865
507900
507921
507943
507965
507989
508034
508043
508055
508067
508078
508081
508092
508096
508104
508131
508158
508207
508228
508232
508261
508292
508331
508365
508380
508416
508479
508481
508516
508546
508612
508623
508628
508643
508692
508751
508826
508896
508905
508913
508932
508947
508957
508965
508967
509009
509061
509062
509123
509129
509133
509183
509238
509257
509265
509297
509298
509319
509362
509401
509406
509418
509419
509430
509435
509472
509527
509529
509532
509552
509571
509580
509581
509609
509618
509633
509687
509696
509748
509778
509815
509824
509851
509856
509878
509897
509899
509902
509910
509923
509957
509958
509966
509970
510005
510006
510017
510033
510085
510088
510091
510101
510111
510147
510150
510186
510187
510196
510206
510241
510250
510255
510280
510314
510342
510383
510395
510434
510450
510459
510512
510522
510535
510567
510594
510597
510598
510661
510677
510696
510737
510755
510759
510763
510784
510821
510823
510844
510910
510949
510970
511050
511059
511085
511100
511104
511116
511126
511166
511167
511185
511237
511247
511257
511263
511290
511295
511300
511311
511318
511330
511365
511394
511396
511408
511410
511429
511462
511472
511482
511504
511590
511613
511666
511680
511688
511690
511694
511695
511739
511741
511744
511757
511818
511823
511845
511891
511914
511926
511933
511946
511971
511978
511984
511992
512007
512049
512077
512085
512091
512116
512123
512150
512160
512163
512170
512171
512185
512187
512193
512254
512284
512318
512319
512326
512370
512377
512392
512418
512426
512471
512482
512506
512513
512549
512557
512570
512590
512597
512598
512645
512652
512669
512679
512697
512708
512714
512746
512750
512788
512803
512815
512820
512875
512885
512907
512937
512946
512963
512987
512990
513005
513023
513037
513075
513078
513081
513090
513128
513132
513176
513181
513207
513230
513237
513239
513285
513286
513309
513334
513344
513350
513356
513363
513374
513392
513396
513411
513412
513432
513450
513464
513480
513506
513520
513539
513544
513564
513580
513616
513626
513633
513686
513694
513703
513729
513749
513776
513787
513804
513814
513818
513827
513870
513912
513969
513974
513997
514009
514014
514019
514027
514050
514051
514069
514074
514092
514101
514122
514123
514140
514145
514154
514185
514210
514215
514224
514267
514307
514310
514316
514320
514358
514362
514390
514443
514445
514459
514485
514528
514551
514588
514654
514665
514703
514705
514710
514711
514737
514744
514811
514835
514837
514883
514887
514893
514912
514918
514927
514948
515014
515022
515069
515085
515113
515120
515121
515142
515148
515165
515195
515217
515225
515236
515247
515260
515287
515288
515290
515309
515377
515387
515391
515395
515432
515435
515456
515458
515461
515470
515475
515482
515531
515564
515577
515600
515616
515619
515633
515634
515639
515680
515718
515719
515720
515722
515724
515742
515749
515755
515760
515780
515784
515799
515800
515834
515839
515852
515861
515874
515908
515929
515940
515987
515988
515998
516022
516045
516125
516146
516164
516174
516191
516216
516241
516254
516282
516288
516290
516293
516303
516338
516381
516387
516403
516409
516422
516424
516438
516469
516479
516491
516510
516516
516521
516535
516549
516552
516563
516566
516575
516593
516635
516643
516660
516675
516687
516719
516738
516761
516768
516905
516936
516939
516955
516992
516993
517033
517042
517082
517086
517103
517105
517117
517138
517166
517197
517249
517258
517259
517296
517324
517325
517377
517378
517398
517436
517442
517519
517533
517534
517553
517605
517611
517624
517684
517702
517703
517727
517729
517739
517742
517752
517762
517810
517811
517821
517888
517932
517935
517938
517952
517974
517995
518010
518011
518030
518042
518048
518049
518073
518082
518088
518099
518109
518118
518151
518174
518183
518184
518212
518245
518247
518254
518308
518338
518343
518348
518373
518399
518414
518429
518435
518447
518450
518515
518567
518635
518638
518644
518655
518659
518680
518685
518702
518704
518714
518721
518741
518777
518781
518786
518787
518789
518793
518814
518816
518819
518825
518849
518855
518866
518887
518890
518920
518942
518970
518989
519069
519083
519110
519152
519183
519218
519233
519234
519243
519254
519276
519310
519315
519344
519346
519351
519364
519366
519441
519455
519468
519511
519514
519522
519540
519560
519585
519604
519616
519625
519636
519641
519702
519716
519748
519754
519764
519778
519814
519857
519898
519905
519960
519981
520038
520039
520051
520092
520093
520098
520114
520122
520124
520181
520183
520253
520279
520281
520287
520309
520345
520376
520422
520423
520426
520440
520443
520459
520606
520622
520631
520704
520727
520759
520773
520776
520795
520823
520843
520844
520851
520887
520894
520935
520964
520973
520976
521025
521040
521156
521159
521191
521199
521200
521246
521262
521281
521295
521307
521330
521364
521373
521406
521429
521433
521441
521461
521481
521526
521543
521590
521627
521670
521689
521695
521722
521733
521745
521748
521754
521795
521905
521906
521909
521912
521913
521953
521968
522044
522098
522120
522180
522183
522187
522199
522200
522207
522248
522252
522254
522320
522328
522330
522344
522373
522384
522399
522407
522421
522432
522472
522500
522501
522508
522515
522524
522532
522534
522535
522542
522549
522568
522572
522576
522577
522583
522619
522620
522648
522682
522687
522691
522696
522704
522772
522783
522822
522852
522869
522916
522941
522982
522997
523015
523021
523035
523054
523058
523074
523092
523108
523122
523127
523152
523204
523269
523280
523285
523407
523416
523418
523426
523492
523501
523511
523524
523536
523546
523551
523583
523724
523725
523737
523816
523823
523832
523860
523894
523924
523934
523945
523957
523995
523997
524021
524077
524158
524165
524223
524237
524273
524319
524393
524414
524445
524480
524497
524536
524565
524592
524602
524645
524656
524672
524728
524730
524733
524744
524800
524814
524821
524864
524868
524873
524876
524877
524955
524983
524995
525030
525050
525076
525090
525092
525122
525225
525248
525259
525269
525294
525314
525362
525371
525401
525412
525417
525425
525437
525443
525498
525517
525520
525540
525569
525584
525589
525628
525666
525669
525710
525718
525730
525732
525757
525764
525779
525804
525812
525849
525886
525910
525939
525958
525977
525998
526047
526087
526107
526123
526125
526145
526149
526161
526171
526172
526177
526220
526224
526227
526232
526262
526264
526273
526278
526287
526309
526323
526336
526345
526391
526429
526443
526460
526526
526539
526546
526549
526559
526563
526583
526629
526650
526754
526767
526785
526789
526804
526834
526849
526861
526866
526879
526880
526887
526947
526961
526976
527042
527060
527116
527119
527131
527142
527145
527149
527153
527165
527170
527175
527176
527201
527205
527213
527255
527266
527272
527306
527401
527423
527432
527438
527459
527475
527480
527545
527552
527571
527572
527617
527637
527638
527649
527663
527712
527742
527744
527757
527763
527812
527813
527833
527881
527888
527962
528026
528058
528063
528084
528090
528115
528164
528239
528250
528262
528301
528304
528315
528319
528323
528349
528405
528433
528438
528532
528536
528590
528598
528625
528667
528674
528687
528703
528707
528747
528762
528781
528816
528861
528882
528888
528997
529022
529029
529036
529058
529099
529153
529154
529177
529200
529206
529257
529267
529276
529323
529329
529451
529499
529509
529528
529547
529572
529583
529615
529648
529689
529762
529763
529795
529838
529872
529885
529893
529900
529910
529914
529915
529936
529979
530009
530074
530086
530091
530097
530181
530185
530194
530201
530230
530272
530276
530280
530292
530321
530330
530376
530413
530415
530434
530451
530453
530482
530507
530520
530588
530600
530609
530613
530615
530644
530676
530685
531724
531725
531762
531765
531767
531770
531820
531823
531858
531864
531906
531923
531925
531961
531968
531977
532029
532090
532105
532122
532124
532126
532165
532167
532171
532180
532221
532227
532272
532308
532367
532369
532376
532377
532397
532477
532487
532490
532499
532522
532524
532531
532582
532590
532623
532647
532658
532659
532660
532688
532734
532770
532846
532862
532863
532870
532877
532898
532918
532922
532929
532936
532945
532955
532976
533000
533027
533030
533036
533076
533091
533108
533119
533130
533131
533141
533187
533210
533230
533238
533243
533258
533284
533308
533339
533349
533379
533408
533418
533455
533471
533506
533521
533549
533567
533589
533596
533597
533607
533697
533708
533759
533775
533778
533815
533841
533845
533851
533858
533893
533897
533937
533942
533947
533954
533969
533973
534020
534031
534034
534039
534063
534075
534078
534090
534162
534166
534174
534191
534203
534205
534233
534236
534255
534276
534327
534374
534405
534421
534444
534474
534476
534479
534489
534493
534515
534530
534540
534591
534628
534637
534652
534661
534663
534677
534689
534736
534737
534739
534742
534767
534772
534773
534780
534782
534794
534799
534805
534841
534843
534869
534882
534920
534924
534930
534950
534955
534982
534996
535000
535002
535007
535009
535012
535030
535072
535153
535227
535255
535257
535269
535279
535306
535314
535360
535377
535397
535414
535454
535507
535543
535545
535594
535665
535719
535736
535737
535738
535759
535775
535825
535840
535842
535874
535882
535907
535922
535930
535931
535939
535948
536002
536010
536013
536031
536099
536120
536122
536133
536171
536195
536200
536236
536251
536260
536265
536274
536361
536485
536488
536500
536504
536535
536570
536577
536599
536602
536635
536704
536726
536734
536767
536774
536784
536794
536800
536830
536861
536876
536877
536904
536905
536907
536909
536912
536914
536917
536919
536928
536932
536955
536959
536968
536971
536985
536987
537031
537046
537047
537079
537098
537113
537139
537166
537216
537234
537280
537305
537321
537362
537375
537400
537405
537416
537446
537452
537470
537487
537490
537497
537499
537502
537527
537531
537536
537539
537544
537568
537578
537580
537613
537619
537625
537644
537695
537701
537705
537711
537714
537717
537733
537810
537829
537871
537880
537896
537897
537900
537921
537932
537954
537980
538000
538021
538037
538039
538089
538092
538093
538122
538158
538186
538196
538199
538242
538292
538310
538325
538329
538351
538355
538366
538367
538374
538391
538425
538445
538450
538503
538520
538526
538568
538580
538596
538607
538616
538668
538672
538673
538694
538732
538811
538818
538859
538889
538905
538921
538942
538986
539028
539055
539077
539080
539096
539104
539105
539111
539120
539128
539149
539154
539197
539198
539222
539230
539254
539263
539284
539291
539304
539326
539338
539369
539376
539391
539409
539417
539419
539455
539473
539527
539546
539549
539557
539594
539607
539630
539654
539658
539665
539673
539683
539718
539722
539748
539752
539766
539801
539823
539826
539898
539906
539921
539926
539941
539968
539995
540018
540071
540106
540119
540126
540160
540189
540194
540262
540267
540277
540286
540290
540300
540302
540309
540326
540358
540363
540386
540387
540427
540445
540463
540464
540467
540472
540492
540501
540512
540523
540539
540549
540572
540609
540635
540640
540663
540665
540700
540706
540733
540746
540776
540788
540793
540798
540840
540885
540943
540961
540973
541017
541034
541049
541063
541070
541096
541110
541122
541126
541164
541172
541181
541259
541264
541268
541290
541311
541335
541354
541415
541422
541429
541503
541547
541564
541575
541582
541585
541589
541623
541648
541678
541734
541743
541786
541822
541830
541852
541862
541875
541897
541899
541920
541944
541981
541982
541990
542005
542010
542019
542028
542049
542057
542060
542066
542072
542074
542096
542106
542114
542127
542130
542144
542158
542233
542245
542253
542273
542287
542295
542304
542307
542370
542376
542410
542432
542440
542483
542508
542534
542556
542613
542619
542689
542707
542730
542747
542767
542776
542826
542839
542844
542851
542864
542903
542906
542955
542991
543059
543100
543101
543158
543159
543167
543205
543224
543236
543281
543282
543310
543344
543382
543407
543426
543457
543467
543479
543480
543497
543498
543501
543505
543572
543577
543607
543670
543683
543700
543714
543779
543789
543834
543838
543843
543914
543947
543964
543971
543992
543993
544003
544005
544021
544029
544039
544054
544074
544104
544123
544131
544145
544146
544189
544251
544260
544277
544338
544354
544379
544414
544415
544420
544442
544462
544490
544500
544520
544529
544542
544551
544565
544573
544574
544575
544585
544589
544590
544595
544622
544683
544705
544723
544731
544777
544785
544789
544807
544812
544828
544834
544838
544876
544889
544894
544906
544911
544914
544965
544990
545009
545015
545019
545045
545050
545052
545054
545098
545147
545168
545173
545187
545210
545219
545222
545229
545246
545262
545277
545283
545286
545296
545317
545332
545360
545365
545378
545386
545395
545410
545415
545474
545506
545519
545552
545560
545595
545606
545632
545692
545713
545729
545741
545755
545776
545786
545797
545816
545824
545828
545849
545869
545880
545894
545904
545913
545943
545960
546004
546045
546049
546095
546118
546181
546192
546215
546232
546249
546271
546316
546329
546344
546366
546406
546426
546443
546458
546476
546490
546491
546520
546548
546567
546576
546578
546580
546614
546620
546626
546653
546655
546674
546692
546704
546734
546760
546762
546847
546870
546884
546886
546904
546951
546974
547044
547093
547102
547114
547122
547131
547136
547147
547154
547158
547173
547208
547225
547232
547258
547270
547277
547279
547306
547342
547357
547404
547408
547412
547413
547431
547434
547455
547467
547478
547479
547499
547502
547554
547565
547568
547573
547590
547624
547626
547631
547699
547711
547747
547751
547761
547771
547803
547842
547848
547856
547858
547861
547866
547882
547953
547964
547970
547996
548002
548010
548021
548032
548041
548044
548071
548085
548090
548104
548114
548118
548124
548151
548167
548170
548177
548189
548300
548345
548362
548380
548437
548469
548497
548506
548519
548520
548556
548565
548585
548609
548620
548629
548653
548666
548778
548794
548813
548817
548849
548858
548876
548893
548897
548943
548948
548971
548980
548982
549012
549016
549046
549062
549065
549073
549085
549091
549093
549096
549114
549144
549177
549184
549198
549205
549206
549213
549289
549311
549363
549382
549389
549446
549470
549491
549506
549520
549585
549592
549604
549616
549620
549655
549673
549704
549781
549785
549789
549819
549834
549874
549894
549900
549922
549934
549970
549977
549992
550002
550015
550026
550147
550156
550159
550208
550212
550272
550281
550322
550329
550340
550351
550359
550362
550367
550390
550400
550411
550456
550463
550491
550515
550531
550541
550588
550616
550633
550643
550651
550688
550704
550706
550719
550726
550760
550781
550809
550817
550842
550846
550872
550904
550911
550917
550945
550964
551029
551036
551077
551083
551115
551141
551180
551191
551204
551211
551212
551243
551345
551346
551376
551421
551425
551430
551455
551469
551491
551536
551564
551600
551610
551642
551650
551666
551679
551682
551770
551799
551827
551850
551851
551862
551865
551868
551873
551898
551909
551943
551961
551983
551988
552013
552022
552038
552042
552090
552111
552135
552156
552166
552167
552183
552218
552240
552277
552282
552306
552338
552353
552402
552403
552407
552413
552416
552427
552451
552472
552495
552499
552555
552558
552577
552605
552647
552661
552673
552676
552688
552695
552707
552712
552719
552748
552752
552787
552793
552815
552838
552868
552872
552892
552896
552913
552931
552932
552957
552970
553000
553006
553075
553086
553101
553114
553118
553126
553158
553167
553185
553192
553213
553214
553220
553222
553231
553249
553259
553261
553296
553351
553359
553424
553448
553498
553502
553534
553544
553547
553574
553598
553640
553666
553673
553674
553707
553716
553726
553743
553746
553768
553879
553891
553940
553951
554002
554009
554045
554058
554087
554108
554196
554197
554259
554272
554302
554326
554332
554346
554391
554408
554453
554478
554495
554516
554526
554621
554648
554659
554662
554693
554698
554716
554738
554747
554758
554834
554848
554849
554862
554878
554895
554904
554912
554929
554958
554967
555015
555022
555070
555089
555100
555107
555108
555141
555142
555169
555194
555210
555211
555235
555243
555256
555276
555277
555303
555306
555308
555331
555381
555385
555386
555388
555507
555520
555530
555543
555551
555577
555581
555592
555596
555612
555614
555652
555691
555760
555771
555774
555784
555832
555844
555869
555891
555909
555938
556031
556113
556145
556204
556208
556218
556236
556274
556279
556308
556323
556334
556377
556444
556477
556497
556528
556545
556558
556586
556587
556657
556662
556678
556687
556689
556696
556734
556781
556786
556828
556837
556848
556862
556875
556906
556919
556951
556961
556963
556989
557012
557043
557074
557086
557102
557135
557137
557153
557158
557169
557219
557221
557237
557251
557257
557260
557266
557269
557280
557329
557342
557418
557434
557438
557481
557485
557516
557526
557560
557575
557593
557596
557657
557674
557740
557759
557771
557827
557908
557911
557919
557920
557943
557945
557966
557976
557977
557994
558004
558046
558070
558076
558085
558088
558106
558110
558113
558134
558146
558187
558195
558196
558221
558228
558250
558257
558294
558365
558393
558482
558539
558591
558621
558650
558655
558657
558659
558668
558673
558676
558749
558777
558783
558815
558817
558838
558920
558938
558947
558954
558971
558981
558986
559027
559097
559098
559101
559118
559140
559191
559218
559242
559254
559257
559263
559346
559394
559425
559437
559438
559448
559478
559483
559511
559533
559548
559564
559569
559577
559585
559587
559589
559591
559623
559637
559674
559676
559682
559711
559755
559779
559783
559807
559831
559836
559851
559860
559874
559915
559933
559936
559954
559956
559984
560083
560102
560126
560150
560155
560200
560221
560223
560293
560312
560383
560409
560502
560511
560517
560522
560527
560537
560555
560579
560588
560615
560659
560676
560700
560720
560742
560780
560814
560837
560848
560876
560893
560908
560927
560938
560947
560977
561014
561017
561018
561020
561031
561050
561061
561068
561090
561096
561100
561153
561167
561171
561288
561339
561348
561380
561388
561412
561454
561461
561477
561489
561491
561496
561623
561642
561643
561650
561669
561708
561752
561754
561767
561788
561797
561803
561807
561819
561832
561847
561850
561879
561892
561925
561933
561977
561999
562046
562058
562068
562100
562103
562105
562116
562146
562159
562193
562203
562209
562229
562286
562294
562295
562299
562334
562337
562339
562342
562346
562408
562414
562435
562496
562524
562536
562588
562617
562634
562657
562680
562696
562710
562735
562752
562756
562761
562848
562875
562896
562928
562970
562973
562974
563000
563006
563025
563042
563044
563052
563066
563136
563155
563164
563176
563182
563200
563284
563303
563308
563323
563324
563350
563352
563400
563434
563440
563445
563519
563591
563597
563606
563616
563620
563633
563636
563645
563646
563652
563662
563668
563676
563688
563735
563778
563785
563796
563800
563859
563861
563887
563915
563935
563976
563980
563981
564009
564084
564099
564102
564110
564111
564168
564191
564197
564206
564221
564225
564235
564241
564242
564250
564253
564328
564330
564332
564349
564365
564367
564380
564404
564420
564428
564441
564452
564476
564485
564515
564520
564530
564553
564556
564582
564614
564642
564735
564748
564774
564781
564812
564824
564831
564834
564846
564875
564888
564918
564930
564959
564962
565003
565014
565053
565070
565082
565113
565131
565140
565154
565158
565183
565228
565230
565244
565254
565291
565314
565326
565343
565373
565393
565400
565406
565419
565420
565424
565428
565446
565484
565497
565498
565532
565547
565573
565582
565648
565659
565687
565694
565737
565738
565741
565762
565779
565790
565792
565801
565833
565846
565848
565867
565900
565924
565933
565947
565991
565996
565998
566072
566113
566132
566142
566204
566229
566245
566270
566280
566305
566309
566337
566391
566393
566416
566455
566458
566488
566498
566574
566595
566608
566621
566654
566664
566684
566687
566690
566703
566718
566722
566787
566796
566801
566816
566818
566819
566822
566835
566875
566899
566911
566919
567027
567040
567043
567072
567080
567087
567144
567168
567176
567178
567191
567216
567337
567352
567359
567385
567406
567437
567472
567474
567561
567570
567592
567619
567631
567633
567634
567655
567669
567671
567694
567698
567699
567725
567727
567735
567744
567762
567765
567782
567808
567817
567834
567842
567864
567880
567886
567891
567937
567949
567961
567982
568020
568021
568040
568041
568043
568091
568105
568117
568123
568128
568133
568146
568165
568200
568246
568258
568301
568305
568311
568327
568362
568405
568408
568412
568437
568440
568503
568506
568583
568590
568656
568668
568684
568688
568692
568698
568721
568741
568752
568785
568806
568818
568829
568927
568975
569009
569048
569071
569107
569125
569152
569157
569210
569228
569234
569288
569334
569349
569357
569416
569431
569445
569462
569476
569548
569553
569587
569635
569665
569693
569700
569703
569751
569764
569770
569772
569780
569829
569844
569855
569861
569863
569881
569889
569905
569924
569951
569957
569964
569966
569981
569983
570008
570015
570032
570049
570052
570087
570094
570136
570137
570140
570170
570188
570217
570255
570263
570300
570326
570345
570357
570360
570366
570367
570439
570448
570468
570473
570532
570542
570576
570601
570604
570633
570654
570655
570685
570737
570811
570884
570907
570918
570966
570988
571052
571054
571081
571091
571152
571168
571175
571180
571227
571278
571320
571323
571348
571374
571378
571390
571400
571408
571427
571441
571470
571536
571553
571569
571640
571647
571666
571698
571747
571758
571772
571774
571784
571792
571821
571823
571829
571844
571847
571858
571862
571916
571940
571957
571995
572107
572123
572142
572167
572180
572183
572190
572232
572289
572298
572306
572357
572359
572364
572376
572385
572396
572510
572521
572549
572573
572577
572579
572602
572604
572612
572616
572632
572649
572661
572663
572680
572693
572703
572713
572737
572769
572774
572804
572823
572837
572844
572908
572946
572948
572950
572951
572964
572983
573003
573017
573024
573056
573058
573099
573102
573119
573152
573185
573187
573190
573225
573294
573301
573318
573332
573377
573401
573404
573408
573410
573415
573454
573460
573475
573479
573484
573494
573512
573571
573572
573579
573587
573631
573639
573685
573688
573700
573716
573743
573751
573771
573785
573805
573876
573895
573896
573910
573931
573957
573979
573987
574014
574023
574082
574114
574130
574159
574188
574195
574237
574264
574267
574276
574327
574352
574370
574384
574397
574457
574458
574459
574481
574486
574495
574497
574514
574521
574528
574574
574585
574586
574599
574614
574623
574706
574763
574771
574777
574780
574793
574838
574886
574895
574905
574913
574933
574946
574952
574988
574992
574999
575013
575016
575021
575041
575050
575085
575126
575142
575153
575190
575205
575240
575251
575264
575276
575289
575297
575317
575319
575328
575360
575404
575408
575412
575413
575433
575434
575444
575464
575494
575510
575545
575608
575611
575615
575638
575643
575648
575674
575686
575703
575714
575736
575743
575745
575752
575782
575783
575788
575810
575860
575866
575882
575894
575898
575907
575915
575956
575958
575959
575996
576012
576018
576046
576066
576072
576078
576120
576122
576138
576171
576187
576188
576200
576247
576251
576281
576283
576284
576348
576368
576369
576406
576409
576428
576434
576471
576490
576507
576515
576554
576558
576563
576590
576594
576612
576636
576663
576676
576743
576760
576763
576801
576836
576848
576870
576871
576928
576934
576959
576973
576987
576990
576995
577016
577026
577071
577084
577093
577112
577131
577166
577185
577186
577192
577214
577220
577238
577276
577278
577317
577343
577395
577434
577445
577465
577488
577492
577523
577579
577586
577620
577645
577664
577685
577712
577720
577734
577740
577747
577757
577758
577787
577808
577816
577818
577837
577842
577909
577926
577930
577942
577970
577981
578011
578026
578033
578065
578089
578090
578109
578210
578225
578238
578243
578257
578268
578273
578287
578293
578351
578396
578406
578416
578437
578443
578451
578457
578460
578480
578487
578492
578516
578523
578533
578534
578539
578548
578600
578646
578702
578762
578779
578780
578781
578787
578804
578810
578819
578840
578865
578878
578880
578889
578894
578936
578947
578968
578986
579010
579022
579029
579055
579058
579104
579105
579169
579175
579176
579193
579202
579247
579282
579297
579309
579316
579347
579378
579384
579394
579404
579446
579447
579489
579556
579574
579578
579590
579601
579613
579628
579640
579643
579665
579666
579700
579731
579745
579847
579895
579898
579901
579904
579907
579944
579947
579949
579953
580024
580028
580045
580051
580091
580096
580103
580157
580198
580202
580216
580272
580278
580303
580304
580317
580322
580377
580413
580442
580446
580469
580497
580516
580528
580549
580550
580551
580578
580607
580665
580676
580678
580681
580684
580723
580733
580798
580835
580851
580870
580874
580939
581007
581016
581026
581072
581073
581103
581119
581140
581163
581165
581177
581186
581197
581206
581222
581223
581228
581233
581236
581278
581289
581302
581349
581350
581374
581378
581394
581422
581436
581449
581467
581482
581505
581520
581530
581533
581574
581596
581598
581622
581640
581642
581655
581666
581668
581671
581695
581751
581765
581795
581828
581855
581882
581895
581928
581977
581991
582032
582042
582049
582073
582080
582095
582103
582110
582115
582148
582178
582191
582200
582214
582223
582227
582238
582284
582296
582305
582313
582335
582349
582382
582387
582391
582392
582407
582463
582496
582499
582504
582587
582611
582655
582659
582662
582691
582692
582725
582729
582743
582760
582762
582785
582786
582799
582812
582819
582829
582874
582915
582960
583006
583033
583040
583073
583091
583094
583106
583119
583127
583129
583148
583150
583151
583159
583177
583188
583197
583212
583255
583256
583280
583281
583290
583301
583306
583318
583320
583324
583345
583362
583365
583392
583442
583454
583503
583507
583508
583598
583606
583731
583741
583747
583750
583789
583814
583819
583831
583833
583851
583862
583872
583906
583917
583923
583944
583955
583991
583992
584034
584042
584065
584081
584088
584154
584156
584197
584236
584278
584309
584317
584322
584353
584404
584406
584432
584442
584469
584480
584498
584505
584506
584510
584512
584513
584515
584551
584594
584595
584702
584725
584783
584800
584821
584825
584826
584846
584900
584908
584916
584956
584986
584998
585020
585074
585076
585083
585147
585192
585206
585210
585227
585255
585307
585342
585378
585388
585407
585458
585495
585518
585525
585537
585541
585566
585583
585642
585670
585702
585711
585713
585738
585752
585801
585811
585827
585862
585870
585900
585945
585950
585953
585954
585977
586017
586030
586032
586042
586067
586072
586076
586078
586081
586089
586094
586103
586104
586126
586155
586157
586198
586205
586209
586286
586288
586290
586307
586316
586369
586396
586423
586431
586432
586460
586461
586490
586495
586506
586511
586517
586520
586567
586601
586612
586616
586645
586671
586698
586708
586767
586782
586800
586817
586847
586873
586879
586893
586919
586953
586985
586992
587030
587043
587055
587056
587112
587154
587172
587178
587199
587210
587221
587225
587234
587260
587268
587279
587284
587297
587327
587334
587362
587369
587373
587499
587589
587602
587640
587650
587668
587694
587705
587732
587747
587767
587780
587793
587827
587848
587879
587899
587964
587971
587984
587986
587987
587993
588072
588084
588103
588108
588115
588166
588193
588196
588251
588260
588267
588270
588291
588327
588404
588417
588421
588448
588475
588485
588500
588514
588524
588543
588545
588567
588585
588596
588602
588735
588764
588783
588798
588827
588830
588853
588861
588868
588869
588879
588902
588913
588928
588979
588984
588990
589025
589036
589045
589065
589132
589157
589180
589218
589251
589259
589266
589276
589324
589365
589371
589383
589407
589420
589434
589442
589446
589453
589456
589480
589490
589503
589511
589517
589570
589573
589578
589581
589588
589607
589632
589644
589668
589669
589678
589681
589688
589690
589755
589772
589782
589799
589825
589831
589835
589840
589841
589849
589854
589868
589879
589886
589893
589935
589980
589983
589991
590053
590058
590074
590115
590136
590137
590149
590171
590174
590183
590189
590203
590214
590224
590236
590245
590288
590304
590341
590342
590355
590361
590362
590380
590421
590509
590534
590551
590570
590595
590645
590654
590658
590681
590691
590735
590743
590778
590795
590828
590835
590870
590887
590888
590908
590921
590936
590962
590966
590979
590982
591019
591033
591085
591100
591135
591137
591140
591172
591196
591211
591241
591246
591331
591332
591347
591356
591385
591435
591445
591462
591464
591478
591483
591595
591596
591606
591624
591631
591661
591750
591782
591818
591840
591879
591903
591904
591914
591921
591930
591952
591953
592051
592060
592071
592105
592125
592133
592187
592200
592250
592257
592296
592358
592390
592402
592405
592529
592535
592541
592586
592597
592651
592661
592715
592719
592729
592760
592887
592892
592900
592905
592924
592940
592961
592974
592987
592994
593051
593090
593094
593114
593121
593128
593222
593234
593238
593264
593285
593300
593334
593339
593347
593356
593357
593377
593388
593390
593400
593439
593446
593461
593464
593480
593502
593512
593571
593609
593610
593622
593632
593639
593682
593691
593693
593714
593770
593809
593814
593823
593912
593929
593932
593940
593946
593970
593986
594004
594064
594071
594083
594096
594113
594153
594154
594161
594200
594240
594250
594253
594293
594296
594305
594313
594381
594390
594400
594427
594431
594439
594440
594455
594513
594543
594561
594564
594623
594648
594660
594666
594672
594690
594692
594721
594735
594856
594867
594877
594882
594902
594913
594926
594930
594932
594942
594948
594979
594999
595025
595041
595090
595126
595154
595201
595235
595241
595248
595304
595324
595335
595362
595379
595385
595398
595421
595444
595463
595468
595482
595496
595521
595580
595588
595612
595645
595656
595683
595730
595748
595773
595796
595823
595835
595890
595906
595936
595990
596055
596056
596061
596089
596118
596134
596145
596148
596225
596226
596264
596288
596343
596358
596360
596365
596380
596387
596438
596450
596463
596464
596489
596499
596500
596522
596568
596584
596588
596590
596638
596683
596708
596739
596761
596768
596783
596790
596812
596831
596858
596860
596862
596896
596917
596925
596937
596974
596976
596987
597007
597021
597040
597111
597150
597161
597226
597251
597256
597290
597292
597332
597351
597362
597371
597396
597399
597429
597439
597450
597451
597453
597522
597541
597559
597598
597602
597603
597618
597670
597697
597707
597756
597770
597782
597822
597826
597847
597851
597868
597870
597914
597924
597932
597946
597978
598007
598029
598031
598077
598087
598092
598094
598114
598153
598160
598224
598254
598288
598294
598326
598343
598348
598377
598380
598431
598491
598493
598517
598536
598537
598560
598571
598599
598621
598623
598627
598675
598750
598759
598760
598767
598769
598775
598779
598829
598856
598857
598869
598873
598904
598926
598995
599047
599057
599074
599088
599101
599117
599129
599174
599181
599191
599202
599214
599217
599226
599233
599242
599259
599292
599293
599315
599331
599337
599351
599397
599436
599452
599470
599532
599601
599627
599683
599686
599699
599730
599736
599742
599752
599833
599835
599864
599876
599902
599912
599921
599924
599928
599950
599961
599974
599992
600023
600052
600082
600156
600164
600190
600203
600219
600274
600303
600318
600325
600341
600358
600363
600366
600369
600404
600416
600432
600444
600469
600494
600496
600508
600509
600514
600521
600545
600606
600615
600648
600653
600658
600674
600710
600744
600749
600800
600804
600838
600843
600913
600916
600917
600933
600957
601011
601012
601027
601049
601058
601059
601082
601095
601138
601158
601173
601182
601244
601277
601278
601282
601330
601371
601375
601383
601408
601448
601452
601464
601552
601575
601587
601624
601637
601661
601663
601665
601717
601733
601744
601766
601825
601829
601864
601869
601900
601901
601976
601990
601998
602024
602034
602070
602154
602155
602158
602174
602206
602228
602247
602263
602269
602292
602344
602347
602367
602401
602429
602433
602472
602507
602509
602532
602538
602574
602658
602666
602680
602745
602747
602774
602821
602825
602828
602894
602922
602949
602952
602970
602976
602993
603002
603038
603053
603095
603185
603191
603253
603268
603291
603372
603393
603443
603448
603451
603463
603496
603517
603537
603544
603558
603559
603564
603568
603572
603574
603587
603606
603640
603663
603669
603691
603722
603727
603743
603759
603783
603806
603807
603817
603831
603856
603866
603887
603956
604044
604057
604063
604075
604082
604094
604130
604203
604266
604339
604357
604373
604394
604411
604431
604432
604434
604435
604512
604566
604648
604714
604737
604768
604787
604792
604831
604850
604887
604928
604930
604989
605049
605071
605098
605129
605148
605192
605209
605239
605243
605258
605280
605286
605288
605358
605391
605397
605398
605404
605454
605531
605536
605551
605552
605568
605577
605591
605601
605605
605614
605642
605643
605647
605693
605706
605719
605725
605728
605729
605764
605781
605807
605820
605833
605836
605881
605899
605903
605911
605913
605914
605920
605964
606008
606014
606046
606058
606082
606124
606130
606141
606155
606161
606171
606187
606269
606285
606301
606341
606355
606410
606437
606457
606473
606487
606508
606519
606523
606536
606573
606587
606590
606630
606636
606670
606685
606727
606754
606794
606809
606817
606822
606825
606836
606849
606882
606890
606906
606915
606949
606978
606987
607008
607031
607043
607090
607102
607112
607144
607188
607248
607249
607279
607307
607310
607383
607385
607420
607423
607425
607453
607477
607487
607498
607557
607573
607596
607613
607638
607658
607691
607707
607717
607736
607749
607776
607780
607796
607837
607845
607873
607921
607922
607945
607971
607996
608020
608025
608056
608115
608181
608207
608243
608260
608262
608265
608278
608316
608342
608366
608376
608385
608398
608416
608419
608442
608452
608467
608468
608532
608554
608555
608569
608575
608583
608610
608616
608636
608669
608673
608676
608684
608710
608714
608720
608768
608772
608852
608859
608862
608885
608889
608907
608910
608919
608928
608968
609001
609025
609039
609041
609049
609153
609162
609179
609181
609187
609201
609220
609222
609230
609238
609244
609282
609299
609322
609343
609378
609388
609437
609454
609456
609484
609485
609560
609569
609572
609585
609599
609613
609653
609662
609679
609706
609709
609743
609773
609805
609836
609852
609856
609857
609865
609866
609874
609875
609902
609926
609937
609950
609985
609992
610044
610116
610128
610168
610190
610214
610225
610254
610269
610272
610304
610317
610364
610407
610471
610502
610514
610518
610527
610553
610555
610573
610616
610655
610697
610737
610760
610764
610793
610811
610823
610883
610931
610941
610948
610960
610969
610979
611011
611045
611127
611142
611158
611201
611214
611266
611272
611296
611331
611336
611360
611378
611384
611401
611435
611456
611470
611475
611493
611494
611498
611515
611521
611535
611569
611577
611591
611630
611711
611717
611728
611733
611748
611764
611788
611846
611847
611854
611868
611906
611911
611928
611955
611959
611988
612011
612052
612091
612108
612116
612137
612139
612150
612160
612170
612179
612189
612198
612208
612261
612282
612292
612334
612342
612352
612415
612442
612444
612482
612515
612538
612587
612630
612632
612639
612641
612659
612666
612727
612737
612782
612788
612813
612824
612880
612889
612975
612978
612985
613004
613028
613029
613055
613058
613065
613067
613102
613109
613154
613160
613165
613182
613204
613228
613309
613333
613376
613408
613412
613426
613434
613436
613444
613446
613494
613518
613540
613543
613557
613572
613618
613635
613648
613663
613696
613697
613699
613724
613729
613730
613764
613793
613803
613842
613852
613884
613890
613908
613915
613920
613934
613994
613996
614043
614067
614112
614159
614169
614179
614202
614230
614244
614254
614257
614264
614275
614292
614293
614363
614424
614427
614442
614454
614524
614558
614570
614574
614587
614590
614618
614626
614648
614718
614756
614778
614789
614809
614817
614865
614893
614899
614911
614920
614943
614950
614966
614978
614984
615005
615008
615032
615046
615064
615070
615072
615079
615083
615106
615117
615122
615148
615154
615222
615234
615245
615278
615291
615298
615382
615395
615406
615407
615429
615452
615528
615539
615553
615562
615569
615571
615577
615585
615606
615683
615750
615761
615763
615791
615797
615802
615811
615826
615827
615855
615876
615878
615898
615919
615921
615927
616006
616028
616059
616085
616095
616131
616147
616182
616192
616206
616278
616290
616293
616298
616301
616331
616359
616368
616373
616393
616396
616444
616445
616451
616469
616500
616509
616519
616520
616544
616547
616552
616610
616622
616632
616671
616712
616746
616789
616802
616851
616854
616855
616881
616917
616926
616933
616944
616956
616987
616997
617046
617062
617069
617082
617094
617098
617103
617115
617119
617224
617230
617233
617258
617290
617303
617325
617331
617348
617364
617408
617411
617412
617418
617481
617491
617508
617517
617557
617617
617637
617643
617655
617660
617669
617673
617693
617728
617751
617757
617773
617779
617785
617821
617858
617863
617879
617892
617926
617927
617942
617968
617974
617995
618007
618015
618036
618041
618134
618145
618149
618192
618198
618221
618271
618281
618284
618311
618312
618316
618337
618348
618376
618385
618413
618427
618449
618483
618493
618512
618516
618531
618532
618538
618554
618570
618649
618660
618667
618673
618675
618684
618690
618691
618714
618746
618749
618778
618788
618814
618821
618826
618828
618837
618854
618887
618895
618960
618971
618994
619018
619035
619037
619047
619062
619099
619166
619192
619193
619197
619198
619235
619239
619303
619317
619346
619358
619374
619379
619401
619447
619455
619459
619466
619480
619501
619511
619522
619536
619548
619550
619563
619571
619596
619623
619639
619653
619661
619684
619699
619742
619752
619760
619772
619784
619799
619813
619820
619846
619847
619857
619860
619867
619878
619894
619955
619964
619981
620001
620006
620049
620070
620101
620110
620117
620131
620147
620165
620183
620186
620237
620238
620249
620272
620298
620351
620405
620411
620436
620474
620491
620510
620564
620572
620633
620646
620729
620732
620740
620771
620801
620803
620814
620819
620902
620909
620912
620945
620958
620960
620979
620995
621012
621023
621056
621082
621093
621138
621148
621149
621166
621251
621260
621265
621273
621275
621282
621294
621337
621339
621346
621350
621400
621431
621432
621435
621482
621503
621512
621525
621533
621554
621574
621601
621620
621631
621637
621648
621658
621677
621761
621777
621834
621837
621841
621881
621893
621909
621979
621998
622040
622041
622049
622077
622104
622133
622202
622225
622243
622252
622314
622318
622333
622365
622391
622397
622400
622411
622422
622434
622444
622465
622486
622510
622547
622549
622559
622600
622608
622640
622649
622669
622697
622709
622710
622727
622729
622735
622748
622749
622786
622806
622814
622876
622932
622936
622973
622980
623010
623013
623022
623028
623087
623088
623135
623160
623169
623188
623200
623210
623212
623213
623219
623220
623244
623248
623251
623280
623287
623330
623355
623367
623421
623463
623526
623534
623542
623555
623567
623597
623602
623615
623638
623647
623675
623688
623698
623730
623732
623752
623781
623789
623790
623814
623835
623840
623896
623906
623913
623950
623965
623967
624006
624026
624058
624073
624078
624135
624145
624189
624190
624197
624203
624206
624224
624237
624257
624279
624292
624302
624319
624330
624333
624342
624395
624425
624533
624544
624545
624552
624575
624606
624623
624673
624706
624717
624726
624757
624759
624763
624767
624843
624900
624913
624950
624974
625037
625061
625113
625119
625133
625143
625145
625193
625225
625235
625236
625250
625255
625271
625282
625290
625293
625307
625311
625370
625387
625437
625450
625453
625471
625513
625522
625563
625626
625636
625643
625677
625685
625732
625763
625765
625780
625798
625809
625849
625865
625880
625900
625901
625903
625917
625927
625933
625935
625938
625973
626057
626076
626084
626085
626087
626110
626122
626127
626160
626168
626172
626178
626231
626242
626272
626274
626317
626326
626430
626438
626459
626465
626477
626489
626545
626559
626577
626611
626637
626639
626677
626701
626735
626736
626759
626876
626882
626945
626959
626995
627021
627032
627045
627051
627102
627111
627120
627175
627184
627185
627216
627237
627239
627255
627279
627320
627340
627346
627389
627400
627407
627420
627431
627436
627441
627443
627454
627474
627504
627517
627531
627554
627561
627601
627625
627663
627666
627684
627687
627703
627715
627730
627731
627759
627806
627817
627819
627843
627848
627878
627879
627892
627893
627958
627960
627968
628010
628017
628036
628041
628043
628094
628099
628108
628109
628130
628136
628140
628167
628178
628190
628193
628240
628278
628281
628305
628319
628331
628346
628355
628382
628386
628388
628402
628414
628418
628436
628454
628466
628471
628503
628513
628524
628540
628551
628564
628567
628677
628678
628715
628767
628789
628801
628816
628828
628838
628849
628868
628876
628894
628897
628923
628946
628967
628989
628990
629043
629049
629061
629089
629090
629150
629198
629217
629287
629290
629296
629307
629316
629340
629379
629415
629420
629422
629427
629465
629504
629515
629527
629607
629619
629625
629661
629674
629676
629679
629802
629806
629810
629845
629858
629873
629886
629923
629931
629946
629983
629995
630015
630018
630024
630042
630061
630092
630097
630116
630145
630157
630230
630234
630237
630279
630375
630460
630482
630492
630524
630526
630539
630573
630628
630653
630702
630715
630716
630749
630752
630753
630762
630767
630772
630777
630781
630789
630803
630811
630822
630855
630929
630930
630944
630963
630967
630973
631081
631083
631096
631148
631161
631249
631250
631333
631347
631381
631402
631414
631451
631456
631472
631473
631489
631501
631515
631517
631526
631532
631534
631536
631547
631553
631556
631587
631613
631616
631643
631664
631672
631700
631717
631723
631744
631795
631834
631904
631928
631929
631958
631982
632004
632007
632034
632046
632065
632069
632098
632181
632186
632206
632217
632232
632278
632282
632288
632293
632294
632329
632379
632444
632479
632480
632517
632523
632546
632575
632596
632657
632667
632705
632740
632752
632809
632822
632860
632862
632915
632931
632942
632987
633020
633118
633120
633126
633138
633168
633181
633216
633259
633298
633301
633324
633360
633416
633435
633437
633454
633473
633476
633485
633522
633594
633606
633636
633660
633671
633695
633830
633902
633903
633914
633940
633968
633988
634009
634021
634081
634114
634119
634134
634189
634262
634272
634299
634325
634332
634350
634357
634432
634501
634522
634565
634594
634607
634608
634619
634620
634639
634651
634709
634720
634728
634729
634769
634781
634798
634825
634861
634862
634864
634880
634894
634929
634941
634957
634960
635000
635014
635015
635016
635074
635088
635097
635158
635237
635273
635277
635308
635319
635348
635362
635376
635380
635418
635435
635436
635463
635494
635515
635520
635521
635549
635569
635576
635587
635590
635615
635639
635653
635665
635690
635691
635701
635762
635771
635831
635864
635868
635883
635890
635930
635932
635944
635957
635968
635971
635991
636008
636016
636043
636094
636105
636124
636131
636167
636235
636247
636260
636289
636303
636321
636331
636345
636404
636454
636476
636487
636502
636527
636579
636591
636597
636630
636668
636703
636782
636805
636809
636821
636828
636931
636935
636945
636983
637000
637024
637025
637030
637033
637055
637061
637192
637219
637231
637238
637270
637290
637308
637318
637322
637352
637355
637367
637410
637431
637439
637479
637486
637498
637519
637520
637538
637560
637564
637582
637596
637606
637613
637624
637657
637681
637703
637740
637742
637807
637814
637836
637905
637912
637925
637927
637939
637945
638037
638056
638080
638141
638156
638195
638216
638225
638254
638290
638303
638311
638327
638333
638354
638370
638373
638410
638418
638426
638433
638486
638487
638523
638534
638552
638559
638633
638648
638677
638700
638710
638773
638815
638833
638867
638869
638891
638915
638918
638986
639033
639042
639066
639121
639141
639161
639200
639209
639245
639267
639274
639281
639296
639301
639351
639361
639390
639433
639456
639458
639471
639486
639495
639504
639512
639517
639522
639550
639572
639600
639602
639621
639678
639679
639692
639697
639712
639713
639743
639760
639765
639770
639789
639850
639857
639859
639879
639901
639906
639960
639971
640004
640030
640062
640070
640118
640156
640178
640186
640198
640206
640208
640221
640222
640233
640243
640256
640270
640292
640379
640387
640400
640486
640495
640539
640556
640590
640610
640615
640678
640712
640718
640750
640769
640800
640915
640930
640962
640980
640999
641010
641030
641034
641063
641115
641124
641162
641178
641271
641335
641360
641387
641388
641416
641421
641446
641480
641497
641499
641537
641538
641559
641576
641616
641628
641632
641638
641648
641649
641657
641663
641698
641737
641750
641772
641784
641818
641822
641832
641892
641895
641907
641947
641965
641966
641996
642006
642007
642046
642094
642099
642122
642144
642164
642165
642170
642174
642176
642186
642217
642232
642239
642257
642279
642304
642353
642365
642402
642417
642442
642448
642496
642527
642578
642579
642598
642605
642606
642615
642648
642657
642743
642752
642774
642806
642851
642877
642902
642943
642970
642989
643006
643007
643025
643040
643078
643079
643146
643194
643197
643213
643215
643254
643274
643323
643324
643368
643390
643412
643416
643424
643435
643440
643441
643464
643473
643514
643515
643526
643543
643545
643596
643597
643613
643662
643675
643685
643739
643754
643762
643819
643866
643872
643880
643881
643906
643953
643957
644008
644027
644116
644147
644167
644196
644211
644229
644277
644308
644310
644323
644327
644336
644347
644352
644356
644358
644360
644371
644376
644398
644416
644552
644596
644600
644660
644692
644700
644706
644722
644759
644781
644836
644854
644855
644863
644878
644899
644918
644936
644940
644950
644967
645011
645018
645023
645031
645046
645063
645106
645114
645139
645207
645209
645265
645272
645355
645383
645423
645427
645441
645474
645535
645565
645574
645691
645724
645727
645736
645746
645752
645759
645776
645784
645824
645876
645899
645916
645927
645941
645996
646027
646029
646056
646068
646088
646089
646119
646123
646151
646192
646199
646237
646252
646262
646264
646277
646280
646285
646294
646335
646386
646411
646415
646489
646537
646549
646598
646607
646634
646683
646738
646777
646780
646809
646830
646874
646892
646905
646919
646925
647008
647013
647083
647110
647141
647150
647231
647253
647254
647259
647270
647283
647297
647345
647347
647364
647433
647444
647456
647472
647487
647509
647525
647540
647570
647596
647598
647672
647678
647681
647770
647771
647890
647891
647898
647926
647927
647939
647959
647975
647976
648008
648017
648025
648059
648073
648113
648157
648170
648183
648209
648211
648215
648218
648252
648285
648323
648359
648399
648413
648429
648444
648454
648471
648481
648482
648582
648615
648635
648654
648664
648690
648694
648695
648702
648710
648714
648738
648739
648744
648753
648779
648796
648840
648873
648879
648905
648940
648973
649060
649080
649086
649092
649116
649175
649222
649242
649252
649304
649346
649347
649372
649443
649453
649455
649522
649552
649557
649646
649666
649719
649720
649721
649727
649784
649789
649803
649811
649817
649846
649893
649916
649924
649927
649940
649950
649984
649995
650003
650015
650046
650106
650128
650158
651162
651163
651214
651228
651231
651243
651259
651262
651264
651305
651309
651344
651372
651380
651388
651431
651442
651499
651518
651570
651572
651573
651581
651600
651604
651612
651624
651650
651651
651666
651673
651685
651713
651742
651744
651746
651751
651764
651787
651804
651837
651864
651875
651879
651898
651902
651919
651942
651971
652003
652017
652020
652024
652043
652047
652066
652073
652088
652127
652150
652160
652169
652170
652195
652229
652254
652270
652309
652338
652402
652411
652426
652430
652439
652456
652466
652503
652581
652594
652602
652611
652614
652617
652661
652670
652672
652714
652742
652778
652796
652798
652801
652803
652845
652858
652884
652891
652942
652951
652967
652981
652984
653017
653031
653081
653102
653104
653111
653118
653203
653226
653228
653246
653263
653278
653288
653374
653378
653395
653405
653433
653446
653449
653450
653454
653500
653507
653518
653519
653525
653531
653546
653585
653601
653633
653634
653635
653642
653651
653660
653688
653703
653770
653789
653854
653872
653874
653926
653968
653995
654003
654004
654021
654050
654051
654076
654081
654090
654100
654129
654166
654180
654183
654187
654191
654203
654206
654248
654249
654253
654287
654342
654351
654404
654430
654442
654445
654468
654511
654531
654540
654568
654681
654698
654706
654708
654727
654738
654752
654758
654760
654773
654785
654786
654868
654874
654888
654912
654949
654955
654994
655021
655034
655048
655127
655175
655234
655251
655288
655322
655333
655420
655426
655478
655488
655489
655501
655512
655526
655528
655547
655556
655571
655586
655618
655619
655666
655671
655680
655686
655734
655770
655771
655779
655791
655800
655809
655821
655831
655832
655911
655922
655941
655979
655981
655992
656013
656034
656065
656078
656086
656099
656104
656131
656143
656148
656192
656216
656236
656238
656243
656247
656289
656324
656329
656336
656352
656358
656363
656397
656415
656437
656460
656461
656471
656484
656487
656545
656577
656617
656620
656630
656636
656639
656671
656678
656694
656705
656721
656738
656748
656762
656773
656780
656792
656811
656817
656848
656871
656875
656901
656928
656943
656947
656966
656980
657001
657006
657017
657031
657033
657069
657115
657145
657173
657179
657193
657195
657209
657251
657259
657312
657399
657467
657482
657501
657512
657537
657573
657576
657581
657615
657654
657682
657718
657758
657777
657828
657843
657865
657876
657886
657898
657908
657958
657971
658007
658026
658058
658072
658080
658099
658110
658127
658132
658147
658197
658202
658213
658218
658235
658254
658257
658259
658260
658261
658303
658324
658393
658428
658440
658451
658462
658470
658474
658489
658601
658606
658669
658747
658748
658779
658792
658794
658801
658849
658850
658860
658901
658914
658939
658972
658973
659000
659037
659069
659070
659089
659097
659169
659173
659193
659216
659238
659244
659255
659261
659289
659290
659307
659459
659464
659465
659497
659533
659536
659544
659560
659592
659593
659671
659708
659710
659724
659786
659795
659867
659871
659876
659892
659906
659945
659954
659963
659989
660036
660068
660076
660091
660102
660114
660120
660183
660250
660264
660266
660269
660278
660279
660332
660339
660340
660341
660364
660369
660412
660414
660443
660481
660485
660489
660540
660547
660609
660650
660664
660701
660722
660772
660782
660791
660852
660876
660888
660898
660938
660942
660961
660965
660997
661016
661023
661028
661032
661038
661045
661061
661069
661091
661106
661126
661220
661239
661252
661261
661280
661284
661307
661356
661367
661392
661397
661399
661506
661532
661539
661587
661631
661661
661663
661682
661683
661706
661708
661735
661754
661822
661841
661850
661857
661892
661910
661913
661915
661919
662020
662043
662049
662063
662076
662083
662084
662092
662099
662102
662130
662146
662169
662181
662281
662298
662300
662322
662367
662368
662369
662392
662398
662415
662462
662463
662556
662589
662605
662610
662669
662675
662677
662709
662749
662757
662770
662786
662807
662829
662852
662860
662887
662895
662897
662902
662924
662940
662949
662951
662963
663011
663053
663060
663099
663112
663147
663186
663191
663233
663262
663274
663325
663402
663426
663459
663474
663482
663506
663509
663511
663526
663614
663626
663702
663705
663733
663743
663750
663764
663805
663810
663874
663883
663955
663959
663997
664004
664011
664048
664055
664057
664059
664064
664132
664139
664168
664183
664205
664225
664252
664263
664265
664309
664336
664346
664360
664361
664393
664432
664497
664559
664583
664589
664645
664706
664712
664736
664746
664763
664782
664786
664809
664874
664875
664896
664914
664937
664939
664940
664949
664955
664957
664976
665045
665063
665077
665094
665125
665137
665164
665174
665225
665231
665232
665237
665267
665277
665306
665362
665364
665366
665423
665470
665480
665517
665536
665544
665589
665596
665597
665666
665675
665688
665690
665747
665748
665755
665773
665790
665799
665808
665812
665818
665823
665854
665861
665862
665884
665956
666006
666007
666019
666028
666074
666099
666178
666182
666189
666196
666200
666242
666249
666269
666274
666287
666296
666318
666328
666336
666421
666492
666499
666521
666545
666566
666575
666596
666599
666608
666617
666625
666640
666643
666697
666711
666730
666743
666772
666776
666792
666808
666829
666847
666912
666916
666929
666951
666983
666986
666987
666995
667092
667125
667151
667153
667226
667237
667270
667295
667325
667332
667334
667337
667353
667361
667386
667403
667432
667448
667481
667507
667511
667525
667583
667606
667620
667635
667642
667659
667670
667679
667699
667752
667764
667787
667802
667803
667815
667832
667855
667885
667888
667891
667918
667978
668012
668023
668037
668045
668095
668100
668114
668139
668145
668149
668173
668222
668230
668265
668282
668294
668296
668302
668310
668363
668390
668406
668425
668430
668494
668535
668561
668589
668590
668627
668636
668650
668672
668674
668676
668693
668700
668740
668748
668764
668815
668826
668865
668902
668917
668939
668945
668968
668971
668991
668993
669055
669057
669068
669099
669101
669103
669111
669124
669151
669210
669251
669256
669319
669354
669381
669430
669446
669450
669462
669527
669536
669573
669598
669630
669633
669639
669645
669650
669665
669668
669682
669724
669796
669800
669825
669873
669901
669956
669975
670011
670023
670036
670091
670096
670098
670103
670112
670134
670155
670184
670290
670295
670310
670311
670316
670321
670324
670336
670341
670350
670369
670398
670410
670427
670467
670472
670534
670539
670555
670565
670622
670642
670644
670669
670678
670768
670848
670866
670883
670908
670911
670944
670945
670965
670983
671007
671013
671024
671033
671038
671069
671085
671097
671119
671146
671178
671346
671369
671373
671384
671419
671450
671453
671478
671521
671561
671568
671625
671638
671683
671693
671708
671738
671772
671803
671814
671826
671858
671898
671904
671955
671976
671979
671981
671982
672033
672040
672067
672073
672095
672152
672167
672249
672268
672274
672277
672284
672304
672333
672367
672388
672397
672400
672449
672460
672475
672483
672515
672519
672530
672549
672590
672597
672611
672617
672634
672660
672667
672700
672767
672772
672783
672831
672856
672901
672907
672926
672981
673005
673007
673020
673049
673061
673062
673098
673124
673143
673178
673189
673192
673302
673324
673335
673378
673409
673426
673437
673440
673455
673456
673458
673468
673473
673490
673527
673547
673577
673616
673637
673642
673647
673653
673710
673748
673762
673773
673774
673776
673785
673789
673832
673933
673949
673976
673986
674019
674028
674043
674059
674084
674085
674105
674126
674170
674241
674266
674291
674293
674301
674309
674318
674335
674336
674348
674368
674376
674381
674391
674403
674415
674420
674434
674470
674510
674538
674540
674562
674591
674605
674626
674642
674648
674653
674690
674703
674706
674716
674718
674750
674786
674827
674839
674841
674845
674859
674883
674892
674906
674913
675001
675049
675058
675063
675163
675207
675230
675286
675351
675352
675357
675361
675377
675393
675396
675404
675421
675422
675424
675486
675533
675538
675543
675567
675596
675624
675641
675660
675703
675711
675718
675720
675727
675750
675775
675814
675832
675847
675888
675900
675928
675934
675954
675971
675993
675995
675997
676002
676013
676035
676047
676049
676052
676069
676077
676079
676082
676102
676104
676152
676184
676186
676231
676232
676248
676294
676324
676336
676367
676390
676393
676409
676423
676444
676448
676450
676480
676490
676529
676549
676561
676611
676655
676674
676676
676714
676725
676733
676771
676773
676791
676822
676838
676851
676854
676882
676886
676894
676933
676949
676969
676997
677000
677001
677047
677073
677102
677105
677180
677207
677208
677212
677221
677223
677240
677280
677296
677319
677324
677367
677374
677385
677396
677407
677408
677455
677459
677500
677527
677554
677594
677673
677690
677693
677717
677725
677731
677740
677770
677784
677819
677826
677863
677897
677908
677911
677945
677995
678007
678038
678064
678127
678144
678223
678226
678263
678301
678349
678368
678379
678386
678439
678504
678628
678630
678645
678678
678683
678686
678703
678742
678756
678768
678775
678779
678782
678835
678841
678842
678843
678851
678862
678866
678922
678958
678972
678997
679031
679043
679063
679069
679151
679167
679169
679223
679229
679258
679268
679289
679309
679338
679348
679462
679491
679526
679533
679543
679549
679584
679585
679627
679655
679680
679700
679712
679724
679741
679780
679796
679803
679824
679825
679935
679937
679982
680003
680005
680065
680066
680081
680107
680136
680143
680148
680158
680173
680207
680234
680245
680256
680283
680290
680296
680321
680322
680340
680425
680464
680509
680602
680618
680622
680653
680661
680662
680725
680771
680776
680789
680795
680848
680881
680903
680907
680915
680954
680962
680986
681001
681035
681047
681069
681089
681117
681164
681175
681182
681223
681263
681296
681325
681344
681381
681382
681383
681384
681404
681419
681424
681425
681454
681460
681462
681469
681482
681516
681534
681551
681559
681600
681621
681629
681645
681653
681658
681664
681665
681667
681688
681718
681727
681775
681827
681834
681835
681844
681862
681866
681871
681883
681891
681897
681926
681931
681972
681978
681992
682025
682027
682029
682039
682067
682103
682151
682192
682237
682260
682262
682282
682358
682371
682376
682392
682449
682457
682482
682484
682490
682517
682526
682536
682541
682560
682588
682615
682643
682666
682737
682773
682776
682790
682803
682811
682826
682858
682862
682887
682889
682941
682945
682966
682969
682988
683005
683022
683028
683034
683051
683079
683085
683094
683130
683155
683186
683216
683259
683283
683297
683304
683328
683341
683421
683503
683506
683512
683534
683538
683577
683582
683584
683593
683618
683625
683640
683642
683648
683654
683687
683698
683704
683711
683730
683739
683798
683800
683817
683822
683823
683851
683881
683891
683921
683940
683947
683963
684016
684021
684110
684156
684164
684193
684210
684234
684240
684281
684307
684312
684330
684331
684398
684408
684412
684499
684505
684528
684578
684590
684620
684621
684639
684640
684707
684717
684737
684764
684783
684792
684807
684820
684823
684870
684885
684920
684935
684943
684950
684951
684953
684955
684983
685005
685007
685092
685104
685114
685132
685150
685178
685206
685218
685234
685286
685301
685313
685316
685344
685362
685376
685399
685416
685454
685476
685491
685501
685508
685515
685541
685555
685566
685568
685569
685623
685641
685650
685685
685687
685736
685753
685757
685760
685778
685794
685806
685811
685825
685840
685856
685864
685926
685942
685950
685958
685962
685963
686043
686052
686056
686058
686078
686079
686101
686126
686193
686195
686226
686247
686252
686266
686294
686315
686318
686325
686351
686352
686356
686362
686388
686418
686432
686440
686441
686476
686516
686524
686533
686551
686570
686584
686588
686589
686604
686610
686617
686619
686625
686630
686640
686723
686775
686862
686878
686884
686921
686938
686943
686962
686982
687013
687041
687046
687056
687076
687120
687139
687144
687176
687186
687194
687199
687205
687240
687242
687265
687329
687339
687346
687351
687359
687423
687466
687485
687516
687556
687571
687578
687590
687613
687638
687660
687662
687665
687677
687681
687720
687730
687760
687764
687797
687822
687840
687914
687949
687984
688017
688067
688105
688106
688120
688173
688180
688187
688226
688231
688284
688314
688329
688360
688380
688384
688404
688420
688437
688448
688452
688472
688565
688574
688586
688600
688615
688645
688648
688703
688746
688747
688769
688827
688846
689853
689864
689872
689873
689930
690006
690035
690063
690070
690107
690124
690147
690151
690162
690197
690204
690237
690252
690274
690277
690284
690300
690329
690354
690376
690395
690398
690430
690447
690458
690474
690587
690602
690627
690632
690647
690704
690726
690771
690780
690791
690835
690843
690857
690888
690917
690924
690937
690940
690964
690977
690988
690994
691013
691045
691071
691094
691102
691111
691122
691158
691164
691169
691198
691207
691209
691212
691266
691285
691309
691329
691361
691367
691384
691401
691421
691453
691470
691474
691488
691529
691532
691648
691673
691722
691744
691748
691780
691816
691848
691872
691879
691884
691895
691903
691980
691985
691989
692039
692073
692093
692163
692228
692235
692256
692273
692282
692299
692329
692390
692396
692412
692436
692439
692449
692478
692487
692506
692556
692573
692586
692593
692601
692630
692660
692746
692778
692792
692793
692836
692857
692867
692873
692902
692914
692920
692964
692994
692995
693004
693008
693042
693048
693059
693066
693071
693075
693085
693089
693103
693116
693124
693131
693137
693143
693150
693151
693223
693247
693254
693287
693306
693350
693363
693367
693381
693396
693452
693479
693486
693505
693530
693570
693571
693581
693585
693595
693605
693618
693629
693655
693665
693717
693753
693776
693912
693934
693938
693943
693983
694017
694019
694030
694040
694050
694061
694075
694111
694125
694168
694195
694245
694248
694255
694284
694289
694309
694385
694389
694439
694469
694481
694506
694525
694588
694594
694604
694629
694699
694708
694717
694751
694756
694769
694770
694789
694798
694860
694878
694896
694966
694978
694999
695013
695014
695019
695042
695052
695073
695100
695152
695184
695225
695264
695280
695288
696303
696333
696338
696357
696380
696423
696428
696441
696449
696476
696507
696567
696576
696585
696597
696644
696669
696680
696689
696707
696715
696749
696773
696775
696779
696780
696787
696792
696815
696832
696839
696868
696884
696890
696904
696948
696958
696967
697056
697074
697092
697098
697117
697138
697139
697146
697152
697158
697163
697178
697195
697229
697235
697302
697310
697372
697461
697527
697558
697571
697579
697580
697592
697598
697603
697612
697685
697720
697800
697839
697844
697868
697891
697906
697922
697948
697964
697981
697988
697989
698005
698019
698030
698040
698057
698072
698103
698125
698145
698153
698166
698184
698204
698206
698226
698232
698248
698254
698256
698278
698279
698302
698318
698323
698324
698340
698356
698383
698414
698429
698487
698505
698516
698517
698518
698584
698585
698594
698597
698624
698626
698630
698646
698665
698733
698767
698775
698800
698854
698871
698900
698909
698910
698921
698925
698941
698942
698959
698978
698994
698999
699010
699027
699089
699142
699146
699170
699184
699206
699231
699267
699268
699275
699312
699335
699361
699364
699373
699377
699495
699550
699553
699564
699572
699575
699577
699615
699620
699623
699638
699643
699669
699724
699778
699804
699829
699857
699881
699892
699895
699901
699904
699905
699913
699989
700011
700025
700032
700043
700075
700087
700108
700111
700122
700125
700153
700167
700173
700188
700194
700210
700236
700245
700246
700263
700283
700301
700327
700334
700368
700416
700550
700579
700587
700606
700651
700672
700674
700765
700798
700869
700958
700966
700968
701017
701018
701047
701050
701061
701074
701091
701118
701137
701142
701149
701175
701193
701201
701235
701254
701292
701315
701336
701352
701357
701362
701403
701409
701419
701449
701452
701460
701491
701549
701551
701564
701579
701580
701605
701608
701649
701684
701775
701854
701858
701884
701903
701910
701930
701943
701952
701967
701973
701977
702018
702050
702053
702061
702068
702075
702091
702100
702128
702132
702135
702137
702186
702208
702209
702221
702227
702228
702242
702266
702296
702301
702334
702337
702348
702358
702376
702410
702431
702448
702454
702488
702492
702494
702498
702501
702568
702575
702592
702603
702685
702711
702720
702725
702734
702738
702766
702794
702803
702814
702816
702871
702878
702881
702885
702963
702967
702994
703015
703021
703029
703035
703061
703066
703073
703074
703101
703115
703136
703162
703187
703201
703243
703257
703258
703276
703280
703300
703307
703335
703346
703352
703356
703357
703367
703393
703402
703404
703417
703419
703490
703496
703502
703537
703591
703618
703633
703670
703674
703705
703707
703711
703713
703774
703821
703826
703831
703841
703865
703894
703971
703980
704000
704118
704137
704149
704172
704306
704370
704401
704415
704436
704575
704599
704657
704660
704726
704729
704784
704790
704877
704917
704919
704960
704972
704974
704975
705010
705021
705066
705123
705127
705134
705153
705171
705177
705214
705235
705249
705259
705268
705292
705332
705344
705383
705387
705431
705478
705484
705503
705527
705562
705595
705622
705641
705647
705679
705719
705720
705727
705736
705737
705746
705757
705777
705847
705886
705895
705905
705951
705983
705994
706011
706061
706065
706077
706088
706090
706100
706152
706177
706201
706223
706268
706283
706292
706346
706362
706367
706398
706421
706441
706445
706472
706484
706490
706519
706532
706550
706552
706553
706569
706587
706647
706672
706685
706697
706722
706802
706810
706813
706820
706824
706847
706853
706875
706943
706948
706954
706955
706959
706971
707003
707017
707023
707050
707056
707071
707095
707100
707104
707105
707114
707119
707126
707146
707147
707161
707162
707169
707183
707225
707239
707268
707277
707282
707283
707298
707338
707347
707359
707380
707386
707424
707439
707445
707473
707477
707515
707532
707581
707588
707601
707606
707620
707621
707658
707687
707728
707735
707739
707787
707839
707843
707853
707896
707906
707909
707931
707948
707987
708007
708024
708055
708063
708064
708080
708086
708112
708125
708127
708140
708141
708148
708169
708172
708217
708220
708239
708279
708288
708318
708379
708389
708439
708443
708480
708496
708518
708523
708535
708543
708544
708570
708620
708655
708710
708725
708748
708772
708799
708861
708880
708881
708896
708902
708904
708925
708944
708949
708973
708977
708995
708999
709025
709062
709102
709130
709143
709151
709169
709175
709227
709242
709255
709279
709284
709286
709339
709357
709397
709399
709404
709407
709469
709480
709481
709530
709550
709566
709573
709634
709635
709638
709665
709710
709729
709772
709808
709828
709837
709839
709873
709918
709925
709953
709959
709966
709973
709998
710007
710060
710062
710082
710099
710110
710129
710131
710234
710257
710273
710321
710339
710344
710357
710366
710388
710421
710444
710451
710453
710471
710580
710583
710585
710586
710603
710649
710656
710659
710693
710698
710700
710701
710710
710713
710758
710765
710830
710833
710847
710851
710857
710886
710909
710915
710916
710922
710938
710948
710972
710980
710984
710988
711014
711105
711141
711207
711210
711215
711255
711285
711298
711334
711390
711419
711429
711438
711447
711466
711480
711516
711537
711542
711543
711565
711576
711583
711587
711588
711590
711618
711629
711636
711663
711666
711672
711675
711716
711728
711735
711739
711786
711798
711804
711805
711830
711833
711889
711921
711952
711971
711973
712000
712083
712127
712139
712146
712167
712185
712188
712232
712235
712238
712250
712251
712305
712310
712331
712374
712376
712379
712386
712398
712407
712413
712442
712505
712519
712562
712566
712607
712633
712670
712690
712692
712693
712699
712702
712705
712788
712809
712816
712840
712847
712858
712859
712882
712907
712917
712920
712972
713003
713038
713044
713051
713059
713083
713086
713106
713127
713167
713169
713214
713225
713236
713251
713270
713283
713307
713317
713337
713342
713367
713387
713423
713446
713457
713485
713504
713515
713516
713526
713617
713684
713702
713711
713717
713744
713746
713758
713759
713762
713766
713791
713793
713841
713859
713885
713921
713931
713936
713941
713951
713962
713968
714025
714041
714043
714056
714086
714093
714124
714163
714178
714225
714226
714251
714278
714311
714334
714353
714369
714384
714395
714431
714437
714447
714513
714543
714558
714590
714623
714632
714652
714654
714692
714695
714708
714710
714760
714792
714819
714852
714908
714940
714949
714963
714969
714973
714985
714988
714993
715022
715028
715092
715093
715175
715178
715194
715199
715211
715229
715234
715240
715244
715285
715333
715359
715412
715422
715453
715469
715470
715506
715535
715612
715616
715674
715681
715724
715744
715751
715758
715764
715810
715811
715888
715894
715896
715953
715962
715964
715978
716010
716013
716028
716061
716127
716172
716187
716223
716253
716276
716343
716356
716426
716429
716433
716445
716447
716454
716457
716530
716593
716599
716615
716624
716642
716660
716675
716677
716678
716685
716703
716713
716769
716789
716802
716804
716879
716884
716891
716899
716937
716973
717062
717073
717085
717089
717098
717119
717149
717164
717165
717168
717182
717330
717332
717336
717344
717362
717367
717388
717432
717441
717453
717461
717464
717470
717494
717510
717524
717567
717644
717652
717684
717716
717724
717767
717789
717792
717799
717807
717808
717812
717819
717830
717849
717854
717867
717938
717957
717962
718001
718026
718033
718065
718084
718123
718148
718197
718210
718216
718238
718271
718306
718333
718383
718393
718396
718404
718405
718406
718417
718429
718434
718447
718491
718510
718529
718542
718563
718623
718630
718652
718669
718691
718709
718742
718744
718760
718775
718836
718840
718851
718910
718915
718950
718967
718973
718981
718996
719048
719059
719066
719078
719085
719094
719103
719148
719199
719202
719212
719216
719236
719249
719256
719267
719274
719341
719375
719388
719433
719483
719484
719494
719502
719510
719512
719525
719550
719575
719648
719657
719664
719674
719683
719687
719716
719741
719758
719800
719828
719872
719991
720014
720035
720046
720064
720098
720123
720152
720173
720187
720203
720219
720237
720249
720307
720332
720339
720348
720359
720365
720386
720394
720397
720445
720456
720471
720506
720535
720539
720555
720576
720581
720609
720615
720622
720642
720644
720671
720692
720693
720699
720727
720807
720906
720913
720960
720965
721018
721046
721063
721135
721145
721149
721165
721169
721181
721194
721201
721204
721232
721257
721273
721305
721322
721376
721386
721398
721417
721418
721495
721510
721511
721592
721626
721633
721668
721694
721702
721720
721760
721767
721800
721856
721909
721910
721919
721925
721938
721969
721985
722001
722020
722031
722069
722090
722109
722111
722117
722134
722156
722157
722182
722200
722206
722214
722257
722346
722375
722410
722430
722449
722452
722474
722479
722522
722557
722629
722651
722652
722733
722771
722795
722798
722804
722814
722833
722889
722923
722926
722944
722961
722966
722974
723000
723038
723043
723055
723056
723096
723102
723148
723151
723202
723228
723274
723336
723360
723369
723383
723394
723415
723439
723462
723465
723505
723515
723518
723555
723560
723572
723582
723601
723615
723682
723725
723822
723875
723883
723905
723914
723940
723948
723965
723970
723977
723988
723994
723999
724070
724093
724103
724128
724175
724179
724192
724212
724227
724232
724247
724251
724273
724274
724321
724358
724372
724386
724426
724432
724528
724592
724593
724595
724598
724604
724631
724638
724694
724727
724736
724754
724809
724838
724845
724853
724868
724875
724895
724897
724911
724921
724946
724986
724988
725004
725015
725019
725049
725056
725062
725086
725160
725162
725165
725173
725199
725205
725209
725215
725274
725293
725319
725325
725390
725402
725406
725417
725428
725467
725507
725539
725609
725648
725669
725689
725690
725693
725724
725737
725753
725769
725799
725805
725808
725828
725841
725863
725879
725883
725885
725895
725896
725899
725921
725951
725981
725995
725998
726016
726036
726085
726096
726099
726122
726124
726126
726133
726168
726173
726180
726196
726228
726239
726294
726325
726338
726389
726407
726451
726536
726539
726547
726550
726553
726584
726588
726589
726610
726634
726640
726642
726648
726663
726673
726721
726736
726740
726742
726750
726760
726809
726815
726816
726837
726846
726848
726856
726873
726877
726879
726896
726901
726903
726918
726969
726984
726990
726991
727027
727058
727080
727113
727148
727158
727168
727188
727198
727206
727289
727343
727395
727404
727425
727435
727444
727459
727476
727485
727568
727571
727582
727600
727608
727622
727644
727684
727700
727711
727743
727749
727761
727786
727797
727804
727807
727835
727884
727898
727902
727918
727946
727962
727968
727969
727980
728023
728031
728054
728118
728127
728161
728222
728227
728238
728285
728331
728335
728369
728392
728419
728552
728565
728575
728643
728644
728655
728660
728672
728692
728693
728768
728769
728772
728780
728822
728841
728851
728873
728882
728912
728923
728927
728934
728991
728999
729014
729036
729037
729069
729099
729100
729107
729109
729110
729146
729167
729203
729245
729261
729266
729300
729315
729340
729341
729355
729378
729381
729429
729444
729447
729486
729563
729567
729585
729664
729675
729703
729760
729769
729771
729807
729815
729831
729840
729869
729939
729965
729971
729976
730017
730036
730050
730059
730063
730068
730103
730152
730188
730208
730356
730361
730381
730447
730466
730489
730526
730544
730575
730584
730593
730601
730630
730632
730674
730678
730691
730695
730720
730762
730774
730807
730822
730829
730839
730849
730878
730902
730950
730957
730959
730965
730968
730979
731029
731063
731068
731083
731101
731102
731118
731125
731164
731168
731170
731177
731182
731183
731185
731247
731290
731296
731311
731323
731333
731338
731339
731342
731355
731366
731367
731368
731371
731409
731413
731426
731439
731445
731462
731468
731477
731502
731514
731570
731575
731587
731602
731623
731632
731649
731653
731672
731682
731687
731722
731730
731741
731798
731807
731837
731847
731849
731865
731876
731947
731951
731954
731977
731993
732004
732007
732008
732012
732064
732069
732070
732075
732123
732138
732152
732164
732168
732179
732211
732245
732328
732352
732378
732385
732386
732394
732399
732418
732432
732443
732447
732468
732504
732511
732565
732571
732609
732644
732647
732671
732674
732685
732806
732813
732830
732835
732841
732926
733015
733098
733104
733120
733139
733170
733178
733201
733202
733211
733263
733266
733286
733292
733309
733338
733350
733373
733394
733437
733440
733459
733478
733495
733525
733579
733594
733634
733647
733699
733711
733712
733714
733716
733731
733748
733782
733816
733820
733853
733863
733885
733924
733926
733931
733935
733979
734031
734033
734044
734068
734082
734139
734185
734191
734245
734270
734286
734293
734312
734313
734319
734325
734335
734349
734366
734406
734428
734532
734542
734549
734573
734614
734660
734680
734683
734725
734732
734769
734774
734778
734788
734789
734819
734839
734844
734846
734855
734870
734964
734996
735000
735070
735100
735114
735145
735154
735166
735333
735344
735400
735404
735426
735430
735458
735493
735505
735518
735519
735520
735521
735535
735539
735570
735604
735619
735621
735628
735632
735648
735660
735661
735690
735693
735711
735740
735741
735773
735803
735804
735807
735825
735831
735834
735835
735849
735857
735893
735911
735931
735942
735960
735993
735995
736007
736015
736075
736139
736215
736220
736236
736255
736257
736320
736323
736345
736347
736367
736401
736418
736421
736504
736517
736541
736548
736554
736577
736581
736639
736666
736679
736689
736694
736786
736796
736850
736881
736898
736917
736938
736947
736957
736962
736965
736982
737077
737114
737147
737164
737166
737188
737289
737301
737332
737338
737352
737367
737376
737425
737471
737489
737500
737516
737525
737556
737560
737569
737594
737638
737639
737654
737705
737710
737714
737717
737822
737833
737842
737845
737850
737853
737893
737911
737947
737951
737962
737988
737992
738001
738037
738134
738137
738149
738158
738196
738210
738213
738238
738243
738280
738285
738289
738319
738335
738336
738340
738345
738401
738408
738429
738430
738444
738464
738491
738517
738523
738528
738554
738590
738632
738659
738666
738673
738693
738701
738711
738726
738758
738795
738813
738841
738843
738848
738852
738891
738918
738919
738923
738942
738949
738974
738984
738988
738998
739085
739118
739121
739148
739191
739211
739253
739256
739280
739324
739369
739378
739439
739450
739457
739468
739470
739471
739516
739533
739561
739573
739587
739601
739620
739646
739656
739661
739696
739701
739750
739783
739836
739855
739856
739860
739861
739875
739883
739921
739934
739953
739985
740003
740012
740015
740035
740056
740071
740106
740125
740148
740153
740154
740171
740205
740215
740223
740295
740302
740342
740351
740362
740393
740396
740410
740411
740415
740458
740477
740502
740504
740523
740534
740543
740616
740619
740630
740634
740664
740689
740711
740732
740741
740766
740785
740822
740856
740907
740916
740923
740936
740950
740951
740990
740995
741003
741005
741024
741059
741090
741111
741158
741202
741231
741232
741244
741263
741291
741321
741335
741370
741398
741461
741467
741479
741480
741509
741511
741539
741545
741551
741575
741576
741587
741596
741616
741675
741728
741771
741826
741843
741846
741876
741884
741911
741944
741953
741965
741981
742048
742052
742064
742069
742082
742095
742148
742158
742169
742198
742209
742217
742243
742255
742291
742302
742319
742360
742384
742455
742472
742483
742487
742527
742554
742584
742591
742597
742617
742632
742642
742648
742684
742710
742718
742766
742782
742802
742854
742880
742881
742884
742927
742949
742982
742984
742995
743007
743013
743062
743074
743119
743159
743165
743171
743201
743215
743251
743283
743299
743358
743387
743406
743417
743475
743477
743509
743545
743549
743567
743568
743580
743600
743612
743617
743631
743632
743653
743667
743735
743740
743776
743782
743803
743821
743826
743835
743838
743916
743937
743958
743961
743988
744060
744073
744074
744086
744093
744131
744137
744139
744147
744149
744160
744182
744189
744205
744227
744251
744276
744307
744324
744331
744347
744384
744451
744480
744490
744497
744513
744538
744541
744563
744585
744587
744606
744611
744662
744675
744716
744747
744748
744760
744764
744769
744783
744795
744844
744846
744897
744901
744935
744960
744984
744990
744992
744993
745044
745051
745061
745066
745085
745086
745101
745145
745148
745156
745160
745214
745216
745229
745236
745263
745283
745284
745286
745356
745371
745399
745414
745426
745454
745490
745492
745495
745507
745574
745581
745615
745616
745621
745646
745696
745705
745732
745740
745753
745782
745819
745848
745855
745896
745929
745930
745946
745950
745992
746004
746042
746046
746066
746073
746085
746091
746093
746112
746172
746177
746193
746220
746315
746342
746358
746387
746391
746407
746415
746435
746465
746497
746517
746530
746536
746542
746640
746673
746725
746735
746775
746779
746781
746788
746839
746849
746853
746857
746908
746964
746989
747005
747006
747059
747071
747081
747097
747102
747108
747119
747142
747149
747169
747173
747187
747197
747206
747236
747242
747257
747260
747288
747290
747291
747294
747304
747312
747316
747340
747360
747396
747402
747437
747527
747546
747558
747611
747613
747625
747629
747636
747643
747655
747687
747718
747721
747735
747741
747743
747790
747825
747848
747854
747863
747871
747912
747913
747944
747956
748004
748006
748070
748085
748087
748116
748144
748152
748176
748187
748242
748258
748277
748292
748293
748316
748327
748342
748351
748359
748371
748380
748407
748476
748492
748514
748521
748544
748547
748553
748602
748620
748630
748647
748671
748691
748693
748706
748713
748727
748735
748737
748740
748757
748785
748786
748840
748857
748882
748908
748931
748949
748962
748991
749044
749047
749070
749072
749082
749101
749105
749114
749116
749127
749137
749145
749151
749165
749177
749179
749186
749281
749330
749338
749341
749363
749392
749421
749469
749482
749503
749525
749543
749580
749634
749657
749673
749704
749718
749823
749845
749858
749932
749940
749950
749984
749989
749991
749995
750035
750145
750159
750207
750218
750219
750261
750281
750291
750297
750312
750340
750355
750365
750411
750417
750422
750454
750470
750471
750499
750552
750575
750596
750631
750672
750676
750687
750706
750759
750775
750776
750788
750792
750839
750853
750867
750868
750881
750886
750888
750902
750908
750916
750921
750939
750955
750974
750999
751004
751015
751018
751020
751023
751042
751048
751080
751082
751083
751149
751207
751240
751294
751322
751332
751339
751394
751404
751406
751416
751424
751427
751549
751563
751568
751574
751594
751624
751630
751690
751701
751703
751705
751707
751716
751719
751738
751740
751747
751795
751839
751840
751859
751862
751879
751889
751892
751899
751940
751954
751965
751989
752004
752018
752088
752118
752158
752165
752166
752218
752253
752286
752310
752342
752356
752400
752401
752403
752424
752445
752466
752482
752494
752512
752513
752516
752562
752626
752637
752671
752704
752713
752766
752771
752793
752797
752849
752850
752901
752908
752951
752956
753002
753016
753039
753063
753076
753082
753123
753124
753126
753148
753176
753188
753213
753242
753250
753262
753288
753289
753340
753349
753354
753359
753360
753376
753397
753409
753416
753417
753419
753433
753463
753470
753472
753473
753492
753494
753513
753517
753520
753526
753539
753545
753562
753571
753587
753588
753595
753610
753617
753640
753644
753670
753683
753685
753691
753692
753715
753720
753727
753763
753768
753783
753786
753837
753857
753912
753917
753949
753953
753971
754005
754026
754079
754085
754128
754142
754166
754207
754264
754313
754323
754351
754380
754381
754399
754419
754427
754434
754479
754485
754553
754597
754630
754640
754652
754663
754677
754680
754724
754784
754855
754894
754906
754911
754929
754938
754962
754965
755015
755019
755026
755061
755083
755126
755152
755162
755189
755271
755330
755349
755354
755383
755386
755394
755417
755423
755424
755449
755463
755490
755555
755569
755585
755619
755622
755683
755711
755726
755740
755758
755762
755787
755826
755869
755881
755916
755922
755962
755966
755984
755994
756017
756025
756056
756060
756069
756088
756099
756118
756136
756137
756141
756153
756166
756190
756201
756224
756229
756271
756281
756287
756300
756330
756332
756341
756347
756357
756387
756395
756396
756433
756434
756480
756516
756546
756553
756617
756624
756630
756646
756659
756691
756772
756825
756827
756829
756842
756869
756898
756915
756922
756923
756945
756980
757030
757103
757107
757108
757133
757159
757164
757167
757178
757181
757230
757278
757286
757295
757338
757340
757415
757469
757486
757488
757490
757503
757543
757568
757582
757592
757597
757689
757712
757720
757726
757731
757742
757756
757760
757770
757776
757784
757816
757849
757878
757954
757965
757968
757986
758000
758004
758016
758085
758163
758199
758200
758212
758227
758255
758261
758352
758358
758395
758503
758555
758583
758590
758596
758599
758610
758626
758630
758642
758644
758669
758674
758708
758727
758773
758826
758838
758879
758895
758948
758963
759007
759009
759061
759076
759081
759097
759105
759118
759140
759155
759163
759174
759175
759190
759206
759226
759243
759244
759254
759268
759297
759314
759326
759334
759337
759365
759376
759384
759397
759404
759470
759482
759516
759527
759535
759559
759561
759591
759615
759656
759687
759722
759763
759811
759840
759843
759851
759873
759884
759893
759897
759936
759971
759977
759993
760012
760026
760063
760075
760083
760085
760089
760104
760125
760127
760139
760142
760155
760189
760215
760232
760257
760286
760287
760293
760333
760365
760384
760459
760521
760525
760530
760537
760538
760553
760642
760650
760653
760661
760663
760682
760696
760700
760704
760790
760801
760878
760908
760917
760918
760930
760937
760967
761012
761021
761071
761091
761102
761113
761126
761132
761148
761149
761165
761191
761220
761239
761305
761313
761327
761329
761336
761373
761404
761425
761450
761536
761548
761551
761556
761557
761558
761621
761659
761664
761684
761686
761729
761769
761792
761807
761848
761891
761906
761918
762009
762020
762042
762126
762156
762169
762219
762228
762260
762276
762286
762289
762309
762310
762331
762333
762364
762389
762405
762428
762490
762509
762519
762520
762543
762567
762569
762575
762601
762613
762654
762710
762713
762715
762730
762757
762760
762776
762783
762841
762847
762848
762858
762875
762889
762940
762949
762984
762988
762999
763014
763048
763051
763077
763112
763149
763161
763192
763202
763220
763244
763250
763252
763263
763267
763272
763273
763285
763330
763365
763370
763380
763387
763397
763401
763416
763473
763474
763503
763538
763539
763550
763580
763615
763622
763637
763646
763671
763693
763716
763770
763786
763830
763835
763885
763888
763890
763924
763975
764003
764043
764065
764118
764119
764129
764133
764136
764140
764144
764155
764157
764257
764261
764280
764298
764323
764344
764382
764408
764413
764425
764426
764430
764441
764468
764487
764489
764497
764535
764553
764580
764584
764607
764610
764623
764635
764640
764733
764750
764769
764790
764826
764827
764881
764913
764954
764979
765006
765075
765164
765175
765189
765209
765231
765241
765271
765288
765308
765331
765332
765356
765366
765495
765504
765515
765516
765569
765585
765595
765596
765599
765620
765643
765674
765696
765708
765742
765747
765800
765802
765844
765863
765890
765894
765910
765914
765959
765988
766008
766025
766026
766032
766036
766050
766071
766082
766088
766094
766122
766139
766165
766178
766192
766196
766252
766267
766280
766287
766313
766335
766344
766410
766426
766450
766472
766474
766506
766512
766553
766568
766637
766656
766658
766700
766733
766755
766758
766763
766765
766770
766785
766820
766838
766845
766862
766879
766892
766923
766928
766931
766938
766977
766992
767001
767010
767057
767136
767147
767181
767197
767200
767217
767260
767284
767298
767338
767347
767355
767364
767403
767418
767431
767435
767439
767441
767445
767468
767485
767504
767518
767539
767558
767561
767584
767598
767604
767646
767668
767677
767693
767730
767744
767799
767817
767818
767858
767898
767908
767919
767939
767960
767963
768028
768039
768046
768064
768070
768072
768160
768165
768177
768186
768246
768260
768274
768276
768302
768304
768306
768323
768354
768369
768395
768396
768397
768406
768425
768486
768503
768536
768550
768565
768569
768580
768602
768624
768679
768746
768755
768782
768836
768884
768887
768940
768947
768949
768958
768959
768975
769002
769039
769040
769043
769050
769063
769090
769124
769131
769140
769182
769211
769212
769239
769250
769259
769269
769304
769309
769312
769365
769420
769431
769504
769510
769532
769573
769619
769657
769663
769710
769731
769736
769737
769745
769757
769790
769849
769878
769904
769995
770042
770055
770070
770082
770084
770086
770122
770125
770134
770141
770156
770162
770163
770166
770186
770202
770240
770279
770367
770372
770379
770396
770406
770418
770428
770520
770524
770576
770601
770636
770639
770663
770667
770669
770671
770688
770699
770779
770798
770818
770842
770872
770876
770963
770964
770972
770976
770988
771020
771030
771057
771115
771158
771212
771250
771259
771324
771370
771382
771425
771473
771502
771525
771545
771548
771571
771582
771583
771620
771635
771663
771682
771702
771710
771755
771813
771820
771833
771914
771974
772000
772005
772038
772053
772061
772083
772089
772136
772144
772181
772190
772268
772309
772335
772340
772350
772393
772425
772502
772508
772514
772521
772543
772547
772631
772663
772667
772669
772678
772702
772744
772762
772795
772856
772870
772871
772874
772914
772969
773010
773022
773026
773044
773048
773057
773097
773112
773126
773152
773165
773177
773181
773293
773309
773340
773382
773389
773400
773401
773421
773429
773450
773463
773495
773505
773554
773588
773595
773638
773675
773683
773688
773727
773740
773751
773777
773788
773837
773850
773854
773875
773878
773890
773915
773918
773922
773934
773941
773969
773987
774024
774034
774072
774117
774168
774242
774258
774283
774290
774299
774338
774347
774462
774521
774526
774534
774549
774609
774635
774650
774668
774713
774766
774771
774811
774823
774865
774895
774911
774918
774921
774941
774948
774950
774972
775003
775009
775016
775022
775037
775051
775055
775062
775089
775108
775119
775120
775140
775151
775165
775173
775188
775227
775238
775265
775274
775355
775358
775413
775416
775428
775430
775444
775462
775467
775469
775561
775573
775575
775588
775608
775642
775646
775657
775699
775704
775710
775726
775744
775777
775792
775816
775857
775943
776002
776018
776048
776058
776099
776170
776201
776267
776316
776377
776396
776449
776472
776483
776508
776570
776583
776605
776680
776686
776720
776752
776756
776766
776778
776800
776805
776811
776819
776873
776882
776896
776903
776907
776917
776948
776974
777006
777035
777109
777120
777123
777167
777171
777185
777189
777212
777252
777262
777272
777278
777281
777288
777333
777355
777356
777412
777438
777466
777477
777494
777504
777511
777523
777526
777546
777622
777626
777632
777656
777671
777712
777721
777748
777751
777796
777801
777820
777831
777836
777844
777850
777867
777905
777922
777957
777984
777993
777996
778001
778002
778021
778046
778091
778141
778182
778226
778248
778287
778300
778321
778338
778350
778362
778383
778397
778477
778504
778520
778552
778568
778602
778608
778614
778636
778661
778670
778676
778693
778695
778714
778781
778794
778839
778845
778846
778884
778890
778939
778947
778959
779003
779006
779047
779090
779096
779102
779111
779136
779139
779147
779186
779208
779223
779227
779272
779320
779328
779371
779400
779402
779427
779431
779439
779458
779528
779537
779545
779547
779548
779569
779584
779608
779618
779624
779669
779679
779729
779771
779778
779810
779817
779846
779861
779902
779908
779910
779946
779985
780001
780073
780108
780147
780171
780178
780251
780252
780256
780263
780270
780282
780297
780298
780301
780304
780327
780338
780345
780397
780423
780452
780461
780543
780552
780577
780604
780623
780645
780656
780682
780747
780762
780772
780796
780819
780942
780980
780985
780988
781038
781057
781083
781121
781122
781184
781203
781217
781232
781255
781291
781339
781345
781350
781372
781430
781439
781458
781461
781579
781616
781652
781709
781798
781819
781825
781827
781831
781834
781838
781842
781907
781934
781963
781970
782012
782028
782057
782062
782127
782151
782154
782159
782205
782217
782274
782288
782314
782340
782354
782385
782418
782446
782487
782504
782508
782511
782539
782547
782590
782613
782627
782636
782747
782769
782834
782844
782845
782855
782856
782877
782906
782924
782926
782932
782989
783024
783029
783061
783075
783087
783096
783125
783127
783134
783141
783156
783161
783165
783166
783199
783206
783214
783219
783229
783258
783265
783276
783299
783346
783377
783394
783446
783450
783461
783484
783487
783516
783524
783542
783545
783546
783548
783567
783602
783649
783668
783692
783732
783738
783776
783788
783818
783877
783879
783891
783920
783939
783993
784019
784054
784073
784081
784091
784124
784137
784167
784189
784190
784239
784245
784296
784314
784334
784336
784350
784376
784382
784387
784415
784427
784455
784458
784505
784507
784531
784549
784571
784620
784627
784632
784644
784654
784659
784666
784671
784685
784705
784722
784734
784735
784740
784741
784750
784761
784782
784838
784842
784890
784895
784896
784901
784917
784927
784947
784955
784959
784975
784989
785005
785021
785024
785046
785066
785073
785087
785090
785103
785117
785140
785149
785155
785189
785203
785228
785257
785269
785284
785299
785328
785386
785408
785441
785462
785468
785471
785544
785574
785600
785610
785639
785643
785647
785650
785716
785726
785764
785766
785779
785832
785839
785870
785885
785937
785963
785973
785975
785982
786046
786064
786073
786078
786089
786094
786133
786140
786146
786231
786260
786273
786277
786283
786314
786319
786330
786342
786381
786406
786430
786501
786513
786517
786565
786575
786619
786623
786629
786638
786644
786648
786724
786753
786768
786846
786863
786885
787033
787043
787052
787091
787116
787120
787121
787123
787153
787166
787172
787177
787194
787205
787256
787286
787292
787294
787335
787400
787421
787464
787493
787500
787533
787539
787543
787590
787610
787620
787635
787639
787640
787662
787670
787691
787692
787701
787734
787747
787750
787759
787784
787805
787852
787859
787899
787904
787934
787955
787980
788040
788047
788071
788094
788110
788118
788123
788144
788154
788172
788203
788207
788218
788258
788260
788277
788281
788292
788307
788308
788336
788344
788345
788381
788412
788433
788436
788450
788456
788462
788472
788510
788524
788559
788570
788582
788583
788629
788641
788679
788701
788727
788754
788789
788803
788814
788856
788883
788891
788916
788937
788969
789003
789018
789024
789026
789030
789038
789085
789120
789149
789163
789180
789210
789261
789283
789296
789320
789336
789350
789378
789389
789395
789441
789450
789461
789467
789515
789518
789523
789532
789533
789547
789557
789566
789581
789677
789704
789712
789767
789768
789892
789893
789959
790060
790068
790078
790080
790095
790109
790118
790122
790135
790152
790199
790242
790271
790300
790302
790343
790368
790414
790454
790481
790504
790519
790520
790534
790564
790591
790595
790602
790603
790609
790645
790677
790700
790713
790729
790732
790792
790822
790830
790868
790871
790890
790909
790913
790974
791019
791036
791046
791068
791115
791138
791143
791152
791170
791188
791252
791259
791291
791310
791345
791351
791387
791391
791400
791427
791495
791507
791525
791543
791549
791559
791560
791580
791608
791624
791628
791658
791661
791689
791704
791729
791740
791749
791759
791780
791827
791855
791906
791938
791984
792015
792023
792062
792097
792173
792175
792218
792226
792227
792231
792243
792279
792291
792329
792336
792361
792382
792383
792396
792406
792438
792441
792454
792476
792508
792539
792554
792558
792560
792578
792664
792697
792708
792778
792833
792841
792862
792884
793000
793039
793041
793046
793071
793075
793093
793104
793117
793126
793130
793155
793158
793169
793213
793240
793313
793316
793324
793336
793342
793349
793390
793447
793462
793535
793589
793591
793594
793620
793637
793697
793705
793706
793741
793755
793804
793807
793809
793814
793825
793904
793908
793979
794007
794016
794050
794079
794110
794112
794132
794203
794289
794363
794386
794406
794410
794478
794526
794531
794535
794557
794576
794595
794598
794605
794633
794731
794816
794818
794822
794831
794843
794869
794877
794897
794912
794944
794967
794982
795023
795038
795065
795098
795186
795192
795203
795230
795260
795273
795318
795353
795361
795368
795381
795407
795417
795429
795455
795463
795478
795479
795501
795502
795507
795516
795546
795563
795565
795579
795585
795587
795594
795602
795691
795707
795718
795746
795752
795755
795761
795795
795811
795885
795904
795905
795953
795980
795987
796020
796028
796036
796048
796074
796087
796141
796158
796166
796168
796223
796255
796274
796279
796299
796309
796312
796322
796341
796369
796383
796392
796417
796450
796524
796532
796551
796556
796563
796602
796628
796682
796683
796763
796765
796803
796814
796822
796848
796888
796911
796950
796954
796984
796998
797005
797025
797046
797050
797054
797059
797062
797100
797143
797145
797147
797198
797206
797230
797237
797248
797272
797284
797286
797339
797351
797354
797420
797426
797452
797472
797498
797508
797511
797595
797601
797683
797684
797710
797754
797763
797771
797811
797813
797834
797854
797863
797871
797902
797928
797960
798011
798015
798038
798052
798054
798095
798143
798156
798157
798175
798200
798205
798250
798272
798308
798328
798329
798341
798397
798445
798456
798462
798467
798491
798519
798615
798616
798618
798671
798680
798689
798714
798716
798733
798735
798753
798803
798810
798812
798820
798825
798833
798871
798875
798892
798911
798919
798924
798926
798933
798945
798953
798955
798966
798988
799056
799066
799083
799111
799170
799171
799172
799189
799243
799261
799293
799300
799309
799334
799381
799383
799404
799428
799443
799486
799493
799514
799525
799559
799561
799567
799580
799582
799603
800661
800696
800728
800729
800741
800787
800818
800881
800882
800913
800975
800984
801003
801051
801054
801065
801074
801094
801102
801104
801127
801154
801166
801196
801241
801358
801373
801374
801429
801444
801504
801520
801545
801565
801572
801604
801609
801642
801669
801686
801706
801717
801729
801733
801748
801772
801776
801780
801783
801786
801861
801867
801878
801897
801899
801901
801916
801955
801962
801976
801979
801992
802012
802035
802176
802182
802194
802259
802278
802285
802291
802293
802337
802341
802346
802356
802405
802424
802476
802531
802545
802562
802615
802622
802629
802717
802724
802746
802754
802765
802803
802815
802873
802889
802919
802939
802941
802956
802958
802974
803020
803030
803048
803070
803160
803182
803238
803258
803266
803272
803305
803358
803396
803436
803460
803472
803475
803478
803516
803517
803523
803527
803557
803569
803579
803617
803656
803676
803691
803716
803838
803842
803885
803894
803936
803942
803955
804048
804094
804160
804234
804292
804339
804353
804359
804391
804420
804494
804516
804548
804592
804607
804704
804718
804734
804775
804844
804848
804893
804914
804922
804939
804955
804961
804975
805015
805078
805086
805087
805116
805183
805241
805289
805341
805349
805380
805386
805400
805407
805441
805447
805449
805481
805483
805524
805531
805536
805599
805621
805634
805651
805664
805710
805728
805730
805769
805800
805848
805863
805873
805879
805881
805929
805963
805971
805975
806120
806132
806154
806164
806181
806246
806291
806304
806314
806398
806414
806462
806516
806534
806536
806554
806607
806629
806651
806658
806664
806704
806710
806717
806767
806770
806777
806788
806804
806865
806868
806970
806972
806985
807011
807021
807069
807078
807107
807108
807130
807175
807189
807229
807250
807298
807336
807339
807360
807453
807460
807506
807524
807550
807587
807614
807670
807683
807695
807709
807726
807766
807800
807824
807829
807830
807847
807855
807863
807871
807877
807888
807896
807898
807917
807945
807953
807960
807964
807971
807989
807997
808043
808050
808066
808079
808082
808086
808088
808094
808097
808115
808126
808136
808142
808163
808165
808175
808177
808191
808206
808213
808216
808221
808225
808236
808240
808253
808321
808392
808419
808442
808454
808498
808526
808540
808542
808606
808687
808706
808718
808748
808807
808844
808846
808869
808873
808908
808909
808921
808937
808938
808986
808991
809006
809009
809038
809041
809062
809122
809150
809194
809203
809207
809221
809222
809241
809263
809268
809304
809310
809314
809328
809329
809346
809381
809386
809441
809486
809492
809494
809497
809694
809733
809762
809789
809812
809814
809836
809920
809923
809953
809963
810003
810036
810063
810079
810087
810098
810115
810131
810149
810152
810156
810159
810167
810172
810183
810212
810220
810251
810332
810364
810365
810373
810423
810426
810428
810451
810473
810476
810477
810483
810489
810516
810565
810620
810658
810673
810724
810739
810778
810790
810826
810873
810902
810906
810933
810988
810992
811009
811038
811049
811098
811121
811138
811140
811151
811166
811185
811200
811296
811307
811350
811353
811363
811423
811451
811452
811463
811464
811468
811472
811499
811512
811527
811528
811562
811576
811580
811591
811601
811617
811681
811691
811698
811825
811839
811904
811944
811945
811947
811957
812012
812017
812027
812039
812048
812070
812078
812167
812218
812233
812240
812243
812246
812301
812318
812328
812330
812343
812344
812357
812367
812416
812422
812428
812435
812439
812486
812518
812545
812609
812614
812629
812687
812691
812697
812726
812741
812829
812849
812873
812888
812911
812927
812939
812975
813001
813016
813023
813024
813029
813030
813067
813073
813077
813085
813092
813101
813125
813131
813147
813155
813207
813220
813256
813269
813270
813271
813299
813413
813467
813532
813533
813553
813571
813574
813576
813579
813586
813591
813596
813617
813634
813653
813663
813689
813733
813741
813758
813760
813762
813765
813770
813780
813814
813849
813854
813882
813885
813958
813959
813992
814026
814035
814042
814070
814075
814092
814139
814153
814178
814205
814211
814213
814296
814315
814319
814326
814338
814379
814404
814427
814431
814476
814526
814563
814607
814614
814687
814689
814690
814697
814702
814715
814718
814750
814806
814814
814820
814832
814835
814836
814843
814861
814870
814924
814977
814988
815025
815037
815042
815053
815057
815072
815080
815091
815092
815103
815119
815151
815168
815171
815224
815239
815306
815321
815332
815334
815348
815360
815382
815415
815428
815468
815496
815508
815510
815520
815550
815580
815613
815651
815652
815653
815693
815730
815733
815744
815765
815793
815841
815923
815929
815930
815933
815958
815982
816052
816064
816065
816086
816136
816141
816207
816208
816213
816229
816233
816254
816283
816284
816294
816298
816305
816307
816315
816326
816346
816353
816378
816394
816411
816440
816457
816496
816520
816521
816537
816539
816541
816549
816636
816643
816680
816803
816846
816854
816861
816877
816884
816889
816894
816971
817002
817021
817027
817033
817042
817061
817106
817120
817134
817137
817148
817181
817188
817206
817291
817299
817312
817353
817368
817408
817420
817485
817510
817516
817578
817594
817605
817620
817648
817665
817682
817687
817736
817748
817770
817773
817786
817795
817796
817797
817830
817907
817922
817954
817985
818019
818046
818055
818090
818100
818102
818109
818116
818141
818157
818178
818184
818204
818213
818228
818243
818252
818258
818275
818277
818300
818312
818314
818315
818339
818349
818369
818399
818456
818496
818505
818523
818526
818550
818576
818605
818638
818768
818790
818793
818795
818835
818838
818841
818848
818882
818884
818918
818931
818995
818996
818997
819009
819060
819093
819122
819158
819176
819181
819211
819225
819234
819254
819270
819332
819343
819431
819446
819499
819528
819539
819578
819594
819639
819642
819659
819669
819690
819841
819856
819864
819883
819905
819911
819928
819936
819976
820024
820025
820058
820128
820136
820168
820169
820181
820194
820212
820227
820267
820269
820276
820322
820342
820407
820412
820494
820514
820549
820577
820590
820622
820688
820693
820702
820753
820778
820779
820780
820811
820859
820966
820971
820991
820998
821026
821034
821064
821071
821072
821107
821118
821135
821148
821164
821173
821219
821230
821235
821308
821316
821337
821365
821371
821382
821383
821401
821414
821431
821468
821493
821512
821532
821536
821553
821556
821595
821609
821618
821642
821670
821712
821773
821814
821861
821871
821884
821928
821948
821960
821962
822020
822043
822049
822077
822108
822114
822137
822184
822202
822221
822225
822245
822271
822279
822346
822359
822364
822389
822391
822541
822550
822559
822587
822628
822629
822647
822661
822694
822720
822740
822753
822755
822772
822814
822841
822848
822849
822890
822952
822953
822967
822974
822987
822990
822991
823001
823029
823047
823087
823122
823130
823133
823138
823157
823190
823192
823207
823211
823214
823256
823263
823280
823286
823301
823314
823319
823326
823328
823362
823384
823400
823424
823428
823438
823452
823453
823461
823523
823532
823538
823566
823589
823611
823616
823669
823675
823685
823712
823717
823720
823771
823837
823842
823855
823864
823892
823902
823999
824024
824031
824033
824047
824065
824066
824075
824084
824109
824117
824129
824136
824153
824184
824228
824244
824274
824285
824309
824315
824320
824323
824324
824335
824400
824514
824518
824538
824556
824574
824577
824589
824605
824627
824688
824719
824729
824741
824753
824771
824796
824821
824848
824917
824934
824960
824974
824975
825021
825042
825043
825069
825109
825154
825190
825200
825216
825245
825260
825306
825339
825381
825406
825421
825438
825465
825473
825476
825478
825555
825593
825601
825606
825691
825715
825737
825740
825762
825765
825772
825783
825804
825819
825903
825911
825925
825933
825987
826010
826024
826028
826042
826056
826086
826104
826141
826151
826152
826180
826182
826213
826248
826252
826257
826302
826362
826375
826443
826461
826476
826487
826523
826541
826599
826606
826665
826671
826682
826708
826714
826717
826761
826765
826768
826772
826776
826808
826908
826919
826954
826957
826959
826978
826988
826996
827008
827011
827022
827054
827119
827160
827238
827254
827277
827290
827296
827359
827468
827564
827568
827576
827588
827611
827614
827621
827643
827686
827717
827730
827733
827757
827777
827818
827834
827840
827862
827890
827911
827941
827979
827983
828066
828091
828140
828147
828203
828270
828277
828282
828296
828315
828333
828353
828369
828390
828439
828468
828496
828504
828517
828524
828525
828537
828542
828563
828566
828583
828612
828625
828657
828669
828744
828760
828761
828771
828773
828787
828807
828816
828839
828875
828878
828894
828918
828922
828952
828957
828960
829015
829069
829081
829095
829114
829115
829126
829140
829173
829181
829185
829196
829222
829231
829256
829277
829333
829344
829345
829358
829388
829437
829453
829458
829461
829463
829472
829533
829538
829556
829577
829609
829614
829707
829749
829853
829860
829895
829909
829967
829993
830078
830105
830179
830225
830261
830268
830294
830307
830323
830360
830398
830417
830421
830440
830467
830471
830575
830616
830627
830638
830672
830673
830685
830691
830717
830764
830775
830786
830834
830859
830908
830922
830941
830971
830987
831033
831034
831035
831108
831147
831207
831222
831243
831255
831276
831328
831343
831366
831372
831414
831450
831451
831479
831480
831492
831498
831567
831568
831575
831583
831591
831593
831611
831616
831647
831680
831715
831776
831785
831826
831829
831833
831842
831878
831893
831919
831947
831956
831972
831989
831994
832026
832027
832054
832094
832100
832105
832121
832123
832140
832167
832170
832175
832177
832226
832239
832246
832261
832268
832277
832294
832327
832372
832431
832439
832463
832474
832500
832502
832527
832544
832557
832559
832571
832590
832616
832618
832664
832677
832734
832741
832762
832763
832772
832775
832778
832788
832804
832825
832834
832857
832899
832923
832928
832957
832990
832995
833003
833024
833089
833117
833135
833140
833162
833181
833215
833219
833253
833283
833300
833312
833331
833368
833369
833375
833387
833390
833408
833469
833470
833491
833535
833549
833561
833564
833570
833577
833605
833653
833672
833683
833686
833726
833733
833747
833749
833753
833775
833839
833849
833850
833865
833901
833904
833909
833917
833957
833969
833992
834002
834016
834046
834080
834104
834149
834150
834171
834201
834269
834277
834350
834380
834482
834488
834517
834551
834570
834600
834640
834695
834811
834828
834838
834847
834850
834856
834862
834893
834933
834986
835006
835016
835020
835028
835058
835076
835082
835139
835158
835168
835179
835193
835245
835262
835281
835319
835331
835374
835384
835427
835435
835436
835444
835465
835468
835478
835489
835502
835525
835535
835542
835557
835573
835633
835649
835695
835722
835836
835874
835887
835890
835907
835921
835936
835945
835949
835977
835981
836024
836076
836087
836089
836093
836140
836152
836176
836195
836255
836295
836327
836340
836361
836412
836430
836496
836517
836573
836595
836597
836604
836612
836619
836651
836665
836716
836729
836742
836755
836772
836814
836819
836833
836882
836908
836917
836927
836946
837012
837034
837038
837110
837130
837152
837167
837211
837242
837244
837261
837278
837306
837370
837388
837419
837435
837438
837460
837489
837506
837510
837538
837541
837547
837548
837551
837610
837620
837627
837636
837637
837763
837779
837865
837870
837940
838022
838042
838076
838091
838094
838095
838103
838125
838130
838150
838194
838228
838236
838237
838248
838267
838270
838379
838393
838395
838443
838485
838487
838508
838527
838536
838544
838594
838628
838653
838693
838728
838732
838739
838788
838799
838828
838834
838865
838874
838877
838884
838895
838899
838956
838983
838996
839003
839030
839038
839068
839113
839215
839267
839299
839304
839306
839321
839362
839367
839395
839439
839454
839487
839502
839508
839517
839525
839541
839582
839646
839692
839731
839796
839826
839828
839832
839833
839844
839855
839866
839889
839911
839939
839956
839973
839990
840026
840125
840181
840187
840238
840239
840241
840243
840244
840253
840291
840296
840305
840359
840373
840385
840402
840464
840479
840484
840491
840500
840527
840529
840532
840572
840609
840639
840646
840657
840672
840689
840700
840714
840717
840755
840794
840820
840831
840851
840877
840890
840914
840921
840942
840950
840986
840991
840992
841002
841026
841044
841067
841147
841151
841178
841198
841199
841233
841241
841256
841275
841295
841296
841297
841299
841361
841363
841371
841378
841424
841432
841438
841458
841465
841469
841499
841528
841538
841552
841575
841589
841608
841624
841645
841696
841704
841719
841738
841786
841805
841817
841854
841898
841927
841942
841976
841988
842003
842061
842065
842092
842126
842153
842154
842184
842229
842230
842285
842286
842300
842304
842342
842358
842366
842384
842411
842476
842482
842489
842512
842542
842547
842565
842578
842610
842627
842636
842638
842668
842674
842675
842689
842699
842736
842764
842765
842771
842772
842779
842835
842849
842864
842874
842907
842926
842927
842944
842978
842984
842994
843007
843063
843067
843073
843087
843099
843127
843179
843204
843224
843231
843298
843299
843301
843314
843341
843350
843369
843417
843418
843430
843464
843468
843522
843569
843590
843605
843619
843643
843644
843675
843676
843687
843746
843780
843793
843828
843834
843866
843878
843912
843913
843921
843922
843932
843975
843981
843997
844006
844050
844055
844100
844130
844142
844143
844195
844204
844273
844287
844292
844351
844367
844370
844375
844378
844393
844395
844422
844448
844466
844467
844473
844508
844551
844567
844580
844586
844649
844700
844732
844790
844810
844838
844861
844923
844958
845004
845008
845029
845045
845053
845070
845108
845134
845159
845162
845214
845293
845294
845301
845302
845337
845354
845365
845400
845410
845418
845427
845436
845466
845503
845522
845604
845750
845766
845826
845835
845839
845845
845862
845974
846033
846088
846160
846163
846171
846172
846183
846187
846211
846234
846265
846431
846458
846475
846484
846489
846503
846515
846542
846543
846606
846622
846667
846687
846695
846699
846705
846710
846714
846756
846781
846792
846807
846845
846846
846861
846881
846911
846912
846946
846970
846988
846995
847014
847052
847073
847104
847135
847171
847172
847191
847209
847218
847223
847229
847235
847243
847286
847288
847296
847311
847316
847353
847356
847366
847387
847391
847393
847403
847425
847426
847484
847494
847523
847543
847550
847619
847633
847658
847706
847719
847736
847768
847775
847779
847827
847850
847854
847877
847896
847977
847980
847985
847989
848043
848063
848067
848093
848113
848163
848189
848194
848213
848315
848345
848369
848377
848405
848481
848489
848518
848537
848567
848590
848656
848664
848706
848797
848816
848843
848875
848904
848912
848915
848954
848969
848990
848993
849014
849026
849030
849060
849121
849188
849197
849227
849237
849293
849298
849304
849330
849336
849350
849363
849371
849386
849403
849423
849439
849456
849474
849526
849537
849551
849567
849572
849582
849619
849632
849687
849777
849786
849809
849884
849918
849943
849944
849976
849978
850031
850038
850052
850063
850085
850117
850122
850184
850205
850237
850252
850253
850260
850291
850321
850341
850358
850365
850378
850398
850413
850443
850447
850465
850472
850513
850518
850541
850587
850660
850695
850723
850726
850731
850745
850757
850763
850894
850916
850928
850955
850956
850962
850998
851014
851048
851104
851113
851203
851210
851215
851226
851227
851229
851233
851243
851248
851249
851252
851259
851268
851280
851297
851305
851348
851356
851357
851364
851376
851398
851417
851422
851428
851439
851469
851481
851488
851491
851502
851521
851534
851539
851541
851556
851557
851606
851637
851641
851660
851663
851676
851682
851702
851737
851776
851781
851783
851814
851821
851846
851879
851905
851910
851924
851934
851950
852019
852032
852051
852073
852099
852109
852129
852194
852274
852295
852308
852334
852336
852350
852352
852367
852372
852397
852402
852429
852508
852514
852517
852524
852530
852553
852569
852578
852583
852602
852610
852611
852617
852712
852725
852729
852794
852805
852858
852895
852898
852921
852943
852945
852970
852980
853004
853021
853028
853030
853040
853084
853085
853095
853125
853138
853144
853150
853170
853182
853217
853222
853230
853263
853287
853355
853361
853411
853412
853415
853420
853453
853484
853488
853492
853524
853528
853533
853545
853554
853597
853602
853611
853617
853680
853684
853712
853713
853724
853737
853799
853814
853818
853885
853901
853914
853922
853933
853946
853972
854006
854031
854047
854065
854099
854112
854124
854129
854150
854181
854184
854206
854216
854247
854369
854373
854383
854389
854479
854494
854515
855598
855605
855614
855647
855661
855672
855683
855708
855732
855744
855745
855763
855780
855788
855879
855908
855924
855940
855998
856017
856032
856053
856065
856084
856107
856114
856143
856194
856216
856253
856348
856367
856373
856381
856387
856400
856412
856424
856430
856431
856433
856531
856547
856592
856641
856678
856687
856698
856733
856757
856770
856802
856820
856823
856854
856913
856919
856933
856941
856947
856982
856984
856990
857008
857022
857068
857069
857074
857077
857091
857100
857140
857166
857167
857188
857244
857258
857278
857281
857293
857311
857341
857346
857395
857398
857414
857423
857429
857442
857477
857497
857536
857553
857562
857564
857669
857713
857757
857768
857796
857804
857808
857814
857821
857832
857859
857874
857883
857886
857920
857925
857927
857966
857986
858024
858034
858049
858100
858114
858127
858152
858171
858183
858200
858282
858298
858337
858339
858357
858361
858381
858455
858469
858486
858508
858551
858577
858595
858681
858696
858723
858754
858785
858786
858795
858798
858864
858878
858923
858978
858986
859014
859043
859062
859065
859100
859115
859122
859147
859167
859177
859228
859268
859271
859294
859320
859328
859339
859344
859352
859397
859399
859427
859488
859489
859500
859510
859524
859548
859584
859586
859636
859652
859679
859687
859694
859724
859726
859735
859775
859803
859811
859818
859821
859840
859926
859931
859962
859969
859973
859994
860012
860023
860037
860066
860124
860145
860153
860160
860162
860171
860186
860187
860206
860239
860256
860274
860286
860310
860335
860357
860371
860379
860416
860438
860446
860513
860586
860656
860671
860686
860722
860737
860792
860795
860850
860858
860875
860900
860901
860919
860966
861005
861042
861043
861088
861112
861113
861169
861182
861274
861303
861376
861380
861410
861443
861453
861460
861481
861495
861619
861703
861708
861722
861728
861729
861735
861736
861763
861769
861778
861829
861846
861884
861941
861990
861997
862016
862021
862022
862035
862046
862079
862082
862105
862114
862173
862214
862291
862303
862350
862381
862408
862456
862462
862476
862477
862487
862510
862525
862545
862547
862557
862606
862692
862694
862712
862723
862754
862763
862799
862806
862815
862879
862892
862954
862995
863034
863038
863049
863099
863131
863180
863212
863230
863272
863279
863359
863446
863466
863489
863493
863541
863549
863569
863577
863580
863585
863616
863627
863636
863691
863703
863713
863736
863782
863805
863808
863812
863858
863881
863895
863905
863929
863931
863938
863947
863952
863963
863965
863966
864005
864077
864118
864124
864135
864151
864196
864225
864226
864268
864294
864408
864410
864434
864567
864575
864610
864614
864645
864647
864705
864714
864715
864730
864740
864755
864769
864816
864860
864954
864971
864976
864979
864988
865010
865069
865082
865103
865139
865154
865162
865256
865260
865327
865335
865338
865381
865481
865503
865528
865547
865586
865601
865633
865698
865721
865730
865735
865747
865773
865798
865804
865811
865818
865835
865841
865910
865918
865927
865937
865954
866004
866010
866058
866089
866101
866122
866124
866126
866156
866249
866259
866318
866329
866364
866384
866465
866473
866513
866515
866530
866580
866635
866738
866751
866752
866754
866761
866781
866808
866818
866820
866825
866885
866887
866923
866952
866956
866961
866966
866977
867018
867036
867040
867054
867130
867163
867177
867212
867228
867234
867241
867276
867297
867306
867324
867333
867354
867355
867378
867402
867416
867434
867446
867455
867467
867472
867503
867508
867524
867530
867545
867550
867570
867615
867658
867667
867683
867694
867699
867719
867756
867767
867768
867790
867800
867812
867878
867923
867947
867952
867995
868017
868025
868031
868106
868125
868135
868154
868184
868187
868194
868196
868209
868225
868238
868265
868303
868305
868322
868323
868334
868359
868366
868407
868409
868447
868454
868468
868479
868509
868524
868615
868633
868653
868681
868788
868840
868843
868915
868919
868930
868939
868983
869000
869029
869052
869123
869150
869154
869159
869181
869211
869217
869262
869297
869330
869355
869370
869375
869433
869438
869481
869488
869502
869509
869537
869560
869603
869623
869628
869631
869664
869686
869687
869701
869702
869817
869819
869824
869839
869862
869879
869919
869960
869974
869994
870047
870054
870132
870145
870153
870210
870212
870217
870220
870237
870240
870310
870357
870382
870419
870458
870487
870504
870506
870563
870607
870619
870639
870682
870742
870773
870841
870859
870861
870869
870946
870955
870963
870989
871000
871080
871082
871102
871111
871121
871124
871125
871159
871171
871221
871249
871257
871259
871290
871296
871316
871445
871474
871490
871536
871559
871575
871598
871635
871689
871693
871704
871732
871738
871779
871801
871838
871845
871874
871924
871941
871965
871974
871984
872005
872024
872026
872078
872082
872083
872171
872173
872186
872190
872226
872227
872250
872271
872275
872323
872329
872375
872410
872432
872433
872492
872495
872553
872564
872575
872586
872612
872631
872652
872771
872784
872806
872866
872924
872931
872948
872959
872991
872997
873033
873078
873089
873110
873117
873127
873134
873160
873162
873173
873264
873285
873305
873344
873376
873384
873385
873399
873406
873438
873521
873556
873559
873590
873659
873713
873721
873723
873733
873743
873758
873761
873786
873790
873826
873855
873885
873944
873956
874000
874024
874047
874049
874105
874147
874159
874172
874221
874258
874288
874295
874325
874408
874415
874448
874458
874463
874464
874466
874499
874564
874580
874605
874625
874664
874690
874694
874701
874721
874745
874758
874761
874817
874866
874921
874942
875001
875043
875047
875066
875067
875090
875110
875134
875138
875191
875201
875208
875227
875231
875241
875298
875331
875345
875354
875388
875442
875451
875489
875490
875498
875504
875524
875537
875571
875584
875585
875591
875596
875624
875625
875668
875678
875679
875700
875724
875787
875807
875824
875829
875875
875905
875943
876014
876025
876036
876108
876164
876168
876179
876223
876229
876294
876325
876336
876348
876391
876417
876422
876523
876533
876538
876580
876589
876628
876642
876666
876694
876703
876713
876716
876717
876720
876724
876727
876796
876834
876862
876901
876904
876938
876945
876963
876967
876976
877006
877018
877037
877041
877061
877073
877078
877195
877201
877220
877224
877235
877244
877263
877286
877357
877371
877413
877416
877434
877451
877486
877494
877527
877557
877579
877627
877643
877673
877713
877788
877794
877806
877809
877813
877819
877881
877949
877956
877961
877997
878005
878058
878101
878149
878206
878232
878309
878363
878391
878436
878445
878449
878453
878470
878477
878495
878502
878508
878577
878630
878659
878717
878730
878747
878781
878825
878831
878835
878842
878843
878943
878954
878978
878985
878995
879020
879021
879024
879064
879081
879148
879160
879199
879270
879288
879314
879319
879352
879353
879375
879384
879392
879440
879497
879506
879535
879559
879587
879621
879668
879673
879682
879692
879729
879733
879776
879782
879894
879939
880028
880050
880115
880120
880125
880129
880138
880152
880178
880183
880185
880192
880203
880205
880212
880215
880307
880313
880328
880345
880349
880384
880394
880407
880408
880430
880497
880511
880535
880556
880572
880595
880634
880638
880686
880705
880727
880742
880769
880810
880811
880814
880850
880851
880936
880955
880982
880999
881016
881030
881034
881044
881045
881047
881111
881128
881138
881152
881160
881165
881193
881222
881243
881269
881303
881307
881358
881363
881364
881381
881400
881403
881422
881443
881479
881506
881541
881580
881591
881596
881637
881670
881672
881683
881731
881746
881820
881882
881887
881902
881903
881923
881938
881963
881991
882019
882022
882069
882071
882081
882118
882146
882219
882239
882288
882312
882318
882331
882351
882361
882373
882375
882443
882448
882478
882528
882539
882541
882568
882594
882596
882607
882656
882674
882680
882682
882693
882697
882773
882785
882797
882813
882815
882867
882873
882886
882916
882941
882972
882986
883012
883024
883040
883074
883099
883119
883132
883151
883198
883236
883272
883286
883292
883305
883316
883326
883361
883386
883387
883490
883521
883533
883537
883553
883611
883628
883631
883654
883655
883672
883676
883689
883696
883708
883710
883755
883773
883787
883804
883810
883875
883896
883910
883930
884025
884043
884084
884085
884142
884164
884183
884249
884261
884272
884309
884329
884335
884337
884354
884359
884368
884385
884452
884469
884474
884479
884493
884541
884544
884624
884630
884735
884738
884740
884752
884764
884765
884840
884872
884875
884901
884915
884916
884965
884972
884983
885017
885034
885041
885079
885086
885099
885110
885137
885150
885191
885230
885243
885255
885260
885269
885270
885275
885279
885283
885289
885297
885312
885323
885324
885343
885350
885385
885456
885494
885512
885526
885579
885581
885589
885603
885638
885658
885662
885686
885705
885708
885719
885752
885758
885777
885805
885843
885863
885916
885922
885942
885994
886015
886031
886044
886067
886118
886122
886123
886156
886160
886240
886265
886335
886336
886387
886390
886398
886447
886486
886556
886633
886652
886656
886693
886701
886725
886735
886738
886834
886891
886923
886927
886978
886992
887002
887019
887038
887041
887067
887166
887170
887186
887194
887220
887234
887263
887321
887337
887366
887391
887399
887408
887474
887499
887506
887515
887570
887579
887609
887663
887677
887696
887705
887713
887727
887745
887757
887765
887776
887786
887812
887829
887859
887908
887912
887915
887929
887934
887943
887994
887998
888004
888022
888074
888087
888088
888095
888100
888118
888129
888163
888179
888185
888207
888209
888215
888253
888279
888309
888331
888344
888345
888369
888372
888420
888441
888445
888446
888492
888528
888591
888620
888648
888670
888681
888701
888708
888764
888768
888781
888786
888787
888814
888817
888830
888841
888860
888861
888887
888907
888927
888932
888940
888942
889016
889039
889042
889080
889104
889105
889117
889129
889133
889172
889203
889207
889216
889219
889222
889232
889243
889264
889269
889306
889319
889321
889345
889353
889412
889468
889469
889470
889479
889490
889528
889534
889589
889622
889633
889644
889648
889671
889763
889783
889816
889830
889838
889867
889873
889887
889921
889930
890026
890030
890112
890167
890202
890279
890284
890371
890378
890399
890463
890464
890467
890473
890477
890485
890495
890496
890533
890613
890641
890647
890679
890701
890707
890712
890778
890814
890834
890837
890856
890861
890924
890933
890951
891004
891017
891026
891062
891064
891079
891097
891157
891161
891178
891202
891204
891215
891222
891257
891278
891297
891323
891332
891367
891402
891419
891425
891460
891479
891480
891554
891620
891662
891674
891694
891712
891743
891753
891781
891815
891837
891851
891864
891895
891959
892024
892092
892103
892122
892162
892165
892168
892196
892228
892231
892288
892295
892311
892317
892375
892412
892420
892447
892466
892490
892514
892521
892547
892554
892577
892594
892614
892637
892638
892698
892709
892774
892810
892811
892862
892899
892901
892915
892925
892944
892954
892971
892997
893017
893021
893041
893070
893083
893094
893111
893161
893185
893189
893194
893244
893260
893281
893289
893329
893373
893389
893408
893534
893542
893549
893555
893615
893619
893629
893667
893682
893743
893769
893784
893791
893803
893845
893876
893950
893977
894048
894071
894107
894130
894150
894166
894181
894203
894245
894297
894326
894382
894384
894397
894455
894462
894541
894549
894552
894554
894571
894577
894604
894609
894642
894661
894692
894695
894703
894707
894740
894754
894761
894764
894772
894818
894828
894848
894866
894872
894877
894917
894941
894947
894967
894971
895013
895051
895061
895129
895134
895155
895158
895163
895200
895219
895235
895259
895345
895364
895373
895445
895450
895470
895488
895496
895502
895514
895549
895572
895577
895587
895628
895652
895676
895732
895789
895805
895829
895843
895848
895899
895905
895936
895946
895979
896007
896015
896017
896019
896166
896190
896211
896216
896289
896294
896385
896407
896418
896430
896438
896450
896519
896540
896635
896651
896663
896706
896752
896764
896809
896856
896922
897012
897027
897060
897075
897080
897114
897131
897181
897191
897248
897254
897272
897281
897311
897357
897379
897411
897421
897431
897446
897464
897492
897521
897524
897559
897565
897580
897695
897700
897702
897717
897742
897760
897762
897874
897913
897917
897931
897953
897954
897982
897986
898056
898069
898078
898104
898154
898194
898230
898256
898311
898331
898357
898373
898386
898417
898437
898463
898471
898496
898498
898504
898505
898515
898524
898534
898552
898563
898581
898583
898622
898630
898649
898685
898702
898754
898791
898808
898835
898841
898849
898858
898918
898933
898937
898966
898973
898996
899000
899024
899055
899063
899101
899130
899155
899216
899225
899231
899240
899249
899257
899267
899291
899310
899313
899344
899353
899444
899481
899488
899550
899557
899609
899616
899618
899652
899709
899729
899800
899804
899820
899823
899828
899871
899928
899930
899937
900016
900038
900131
900165
900167
900174
900193
900207
900217
900226
900240
900244
900278
900319
900329
900367
900373
900454
900455
900460
900530
900581
900605
900669
900674
900720
900727
900758
900816
900839
900841
900846
900853
900878
900880
900883
900972
900977
900984
900991
901001
901016
901036
901040
901054
901060
901113
901127
901150
901158
901159
901180
901207
901221
901241
901257
901319
901326
901366
901375
901410
901442
901461
901492
901494
901496
901525
901533
901636
901658
901661
901713
901745
901748
901758
901793
901812
901931
901986
902035
902038
902042
902043
902047
902065
902080
902107
902112
902120
902122
902130
902153
902175
902202
902274
902279
902282
902288
902301
902335
902410
902412
902416
902430
902453
902456
902640
902642
902665
902667
902681
902698
902725
902732
902735
902755
902787
902802
902822
902842
902852
902875
902885
902911
902914
902926
902989
903061
903084
903116
903155
903159
903161
903163
903183
903192
903196
903199
903237
903243
903255
903256
903319
903330
903394
903413
903529
903535
903544
903555
903582
903643
903660
903669
903670
903678
903694
903695
903697
903775
903777
903785
903803
903816
903820
903842
903914
903935
903951
903977
903989
904035
904071
904072
904084
904088
904128
904139
904173
904180
904199
904231
904238
904251
904275
904313
904376
904425
904426
904432
904463
904511
904517
904530
904614
904630
904643
904667
904671
904688
904710
904718
904727
904737
904739
904778
904781
904830
904833
904871
904874
904893
904895
904931
904943
904944
904951
904954
904956
904984
905015
905146
905156
905159
905162
905179
905260
905279
905287
905328
905355
905356
905390
905458
905464
905466
905479
905489
905493
905509
905522
905541
905572
905600
905619
905620
905664
905676
905699
905707
905714
905732
905750
905755
905759
905803
905807
905816
905886
905896
905909
905933
906005
906011
906013
906028
906055
906063
906067
906145
906171
906173
906177
906221
906243
906278
906306
906308
906319
906330
906334
906357
906401
906411
906414
906445
906479
906590
906595
906598
906645
906651
906657
906663
906667
906673
906739
906807
906818
906819
906902
906910
906912
906913
906915
906930
906935
906936
907007
907028
907069
907080
907091
907096
907106
907116
907134
907137
907177
907194
907230
907237
907239
907255
907271
907287
907318
907365
907379
907387
907403
907410
907442
907469
907522
907534
907554
907591
907596
907603
907611
907637
907647
907650
907693
907730
907736
907741
907750
907751
907761
907769
907798
907856
907886
907890
907892
907955
907976
908022
908033
908034
908084
908085
908112
908127
908155
908170
908194
908195
908230
908234
908268
908286
908299
908314
908361
908369
908370
908384
908403
908454
908467
908470
908479
908484
908485
908516
908538
908619
908656
908661
908677
908697
908708
908732
908752
908754
908787
908796
908801
908822
908839
908876
908882
908899
908928
908932
908950
908951
908989
909002
909048
909050
909073
909117
909128
909130
909166
909207
909222
909226
909236
909286
909320
909376
909415
909442
909490
909506
909519
909531
909558
909559
909652
909657
909680
909697
909795
909796
909837
909845
909849
909894
909917
909940
909956
909999
910035
910058
910064
910075
910092
910110
910144
910183
910274
910277
910347
910372
910400
910423
910426
910451
910470
910488
910530
910537
910539
910555
910564
910662
910676
910677
910687
910694
910777
910808
910840
910898
910905
910907
910914
911043
911052
911068
911104
911112
911117
911155
911160
911188
911244
911280
911334
911342
911360
911362
911388
911520
911561
911621
911630
911645
911653
911693
911702
911725
911743
911779
911790
911811
911824
911856
911953
911958
911983
912006
912028
912041
912049
912107
912162
912170
912214
912236
912254
912261
912312
912319
912351
912354
912380
912385
912408
912425
912488
912535
912558
912667
912685
912700
912701
912707
912748
912850
912866
912925
912931
912957
912975
913062
913083
913095
913101
913126
913159
913183
913195
913232
913240
913253
913262
913279
913290
913295
913298
913310
913334
913341
913353
913359
913399
913403
913414
913420
913460
913494
913503
913505
913519
913541
913596
913617
913625
913628
913714
913726
913747
913804
913857
913895
913913
913962
913964
913969
913993
914027
914076
914099
914114
914147
914156
914159
914170
914186
914215
914219
914228
914289
914292
914374
914383
914425
914462
914499
914505
914525
914535
914558
914570
914605
914665
914685
914704
914737
914738
914741
914755
914775
914780
914787
914815
914821
914854
914882
914891
914897
914922
914934
914944
914960
914967
914981
915026
915054
915089
915091
915103
915122
915148
915199
915201
915206
915210
915228
915275
915279
915294
915319
915325
915345
915375
915382
915466
915524
915543
915585
915591
915614
915657
915660
915671
915681
915692
915730
915733
915745
915779
915810
915820
915862
915898
915900
915920
915924
915925
915937
915989
916023
916086
916126
916157
916160
916182
916206
916211
916271
916359
916368
916369
916414
916415
916441
916444
916459
916502
916507
916542
916554
916559
916608
916627
916639
916688
916714
916795
916877
916892
916911
916913
916974
917045
917061
917077
917080
917113
917120
917146
917174
917181
917193
917252
917305
917310
917320
917325
917354
917367
917370
917403
917420
917422
917447
917525
917543
917570
917635
917687
917696
917718
917737
917753
917755
917776
917778
917812
917816
917896
917898
917907
917949
918005
918032
918058
918070
918149
918216
918227
918231
918243
918265
918304
918310
918326
918399
918445
918483
918539
918544
918570
918574
918587
918589
918619
918631
918659
918665
918673
918682
918712
918771
918795
918837
918851
918855
918894
918909
918916
918975
918988
919001
919003
919012
919059
919091
919101
919102
919114
919132
919133
919138
919154
919256
919261
919285
919354
919369
919412
919458
919466
919497
919521
919544
919546
919562
919568
919684
919713
919720
919775
919788
919807
919808
919836
919848
919904
919913
919918
919988
920023
920175
920184
920187
920196
920207
920226
920230
920243
920255
920268
920281
921302
921304
921325
921355
921373
921397
921447
921458
921460
921535
921545
921607
921608
921638
921643
921644
921672
921682
921702
921704
921738
921770
921789
921794
921803
921805
921844
921845
921854
921859
921896
921953
921978
921980
921990
922022
922023
922028
922032
922053
922060
922080
922083
922094
922118
922132
922146
922154
922199
922276
922296
922298
922300
922341
922352
922361
922403
922416
922432
922453
922466
922526
922532
922550
922551
922559
922566
922581
922588
922679
922693
922744
922748
922797
922835
922839
922876
922901
922910
922965
922994
923038
923070
923104
923108
923147
923206
923213
923221
923244
923283
923326
923337
923343
923408
923424
923468
923487
923489
923534
923563
923580
923584
923592
923593
923608
923636
923644
923662
923716
923726
923736
923746
923773
923795
923887
923980
923997
923998
924004
924009
924012
924025
924041
924057
924067
924093
924102
924147
924193
924197
924241
924251
924271
924275
924283
924336
924349
924394
924434
924474
924493
924528
924660
924700
924710
924762
924766
924812
924815
924837
924857
924858
924873
924874
924910
924928
924941
924945
924961
924995
924996
925017
925045
925146
925148
925162
925170
925179
925184
925242
925279
925300
925324
925336
925345
925380
925387
925457
925479
925521
925534
925541
925543
925570
925578
925579
925598
925618
925656
925730
925738
925739
925745
925761
925770
925782
925783
925815
925842
925859
925871
925877
925915
925921
925932
925937
925945
925966
925971
926017
926029
926061
926069
926080
926145
926161
926166
926175
926182
926253
926264
926333
926351
926355
926359
926365
926384
926403
926406
926431
926473
926494
926502
926528
926532
926579
926585
926606
926618
926627
926637
926654
926716
926718
926725
926727
926729
926790
926791
926797
926825
926862
926913
926927
926957
926997
926999
927019
927021
927028
927034
927057
927063
927103
927108
927120
927126
927148
927151
927157
927162
927196
927286
927309
927324
927341
927357
927416
927443
927489
927496
927543
927544
927546
927551
927572
927583
927586
927593
927602
927607
927657
927663
927666
927682
927697
927730
927818
927862
927874
927878
927902
927906
927911
927949
927968
927982
928019
928028
928038
928078
928081
928103
928113
928123
928140
928151
928180
928186
928189
928199
928230
928231
928285
928298
928326
928329
928420
928430
928460
928474
928478
928484
928497
928537
928585
928605
928615
928639
928693
928768
928801
928842
928868
928889
928917
928930
928936
928962
928984
929013
929027
929058
929083
929095
929135
929169
929189
929190
929211
929214
929225
929242
929243
929260
929289
929328
929348
929382
929385
929387
929391
929429
929442
929443
929448
929469
929479
929481
929487
929489
929492
929502
929513
929624
929640
929660
929662
929664
929674
929692
929705
929706
929725
929749
929813
929934
929938
929956
929959
929964
929971
929984
929985
930028
930035
930066
930067
930075
930097
930150
930223
930231
930281
930296
930310
930316
930339
930373
930381
930409
930481
930552
930555
930558
930573
930599
930623
930674
930688
930740
930812
930869
930878
930884
930894
930967
930994
931000
931019
931025
931058
931067
931084
931088
931090
931110
931154
931166
931193
931211
931228
931238
931271
931277
931280
931344
931367
931407
931420
931432
931437
931447
931539
931542
931568
931585
931601
931630
931651
931655
931677
931686
931703
931706
931721
931723
931745
931772
931800
931831
931943
931951
931998
932067
932093
932120
932121
932132
932185
932206
932229
932236
932301
932312
932360
932402
932403
932435
932440
932459
932507
932554
932563
932571
932588
932606
932611
932629
932643
932655
932659
932672
932710
932751
932761
932765
932782
932783
932807
932822
932835
932838
932907
932935
932956
932985
933012
933029
933030
933037
933038
933075
933127
933146
933157
933182
933205
933226
933285
933303
933311
933329
933385
933389
933451
933503
933524
933584
933607
933630
933633
933664
933706
933715
933731
933738
933759
933802
933815
933834
933870
933871
933876
933894
933896
933902
933910
933931
933952
933957
933962
933967
934003
934055
934064
934120
934176
934187
934194
934230
934231
934252
934316
934338
934380
934433
934490
934496
934515
934533
934623
934629
934652
934661
934677
934690
934730
934735
934739
934779
934784
934786
934842
934851
934876
934882
934883
934905
934914
934923
934926
934962
934963
935023
935045
935089
935141
935156
935163
935207
935212
935231
935237
935257
935297
935336
935370
935383
935399
935468
935477
935482
935484
935502
935512
935514
935530
935556
935562
935570
935586
935664
935766
935829
935894
935907
935943
936025
936026
936064
936105
936111
936126
936135
936136
936171
936218
936244
936258
936281
936288
936296
936305
936328
936333
936339
936397
936424
936429
936435
936523
936529
936538
936607
936640
936678
936682
936720
936728
936732
936735
936744
936750
936773
936856
936886
936956
936964
936967
936986
937020
937042
937044
937047
937102
937103
937169
937183
937211
937232
937236
937276
937277
937331
937332
937395
937408
937434
937440
937474
937480
937484
937510
937533
937540
937578
937584
937589
937631
937665
937671
937687
937702
937780
937782
937809
937813
937888
937897
937929
937979
938012
938034
938036
938049
938088
938145
938156
938168
938178
938192
938221
938242
938271
938310
938316
938320
938376
938379
938417
938450
938461
938464
938488
938513
938527
938550
938551
938604
938615
938619
938640
938650
938663
938711
938720
938734
938749
938868
938900
938928
938945
938947
938957
938968
938984
938988
939009
939031
939047
939085
939132
939155
939163
939193
939210
939276
939283
939294
939300
939345
939361
939362
939421
939449
939465
939483
939492
939502
939507
939510
939537
939657
939721
939736
939743
939758
939770
939788
939835
939850
939868
939880
939898
939924
939930
939931
939951
939966
939977
939981
939992
939993
939998
940033
940040
940051
940076
940121
940132
940144
940152
940155
940169
940287
940300
940320
940373
940387
940394
940397
940411
940427
940457
940480
940505
940519
940525
940534
940545
940550
940619
940666
940671
940718
940798
940832
940835
940841
940864
940925
940938
940942
940945
940951
940968
940994
941026
941159
941183
941193
941241
941260
941275
941313
941325
941396
941398
941420
941459
941460
941538
941540
941569
941683
941699
941721
941728
941800
941805
941861
941865
941871
941887
941901
941911
941953
941963
941966
941970
941979
942045
942069
942085
942094
942121
942138
942148
942166
942179
942195
942208
942239
942258
942296
942383
942395
942406
942434
942450
942459
942461
942473
942483
942492
942515
942521
942528
942554
942583
942680
942775
942776
942781
942811
942846
942871
942893
942899
942909
942920
942932
942998
943000
943014
943084
943091
943127
943131
943156
943159
943160
943172
943243
943244
943267
943350
943378
943407
943426
943455
943486
943527
943556
943591
943651
943666
943685
943705
943731
943776
943798
943851
943856
943882
943900
943934
943964
944009
944018
944109
944113
944125
944133
944169
944222
944235
944247
944262
944294
944302
944336
944338
944349
944352
944381
944397
944401
944481
944488
944527
944545
944567
944571
944623
944633
944658
944702
944757
944759
944817
944862
944864
944911
944918
944928
944951
944986
944993
945003
945008
945044
945047
945078
945095
945174
945178
945183
945282
945296
945306
945313
945338
945373
945484
945514
945552
945612
945615
945632
945645
945742
945778
945847
945874
945880
945893
945894
945923
945959
945973
946016
946025
946030
946031
946057
946086
946091
946095
946106
946107
946161
946187
946192
946292
946300
946303
946306
946399
946462
946482
946483
946496
946534
946545
946552
946612
946650
946652
946664
946682
946695
946699
946724
946755
946798
946813
946818
946852
946887
946923
946949
946964
946997
947016
947043
947052
947053
947077
947085
947202
947229
947248
947288
947296
947308
947323
947326
947353
947362
947389
947392
947404
947406
947434
947461
947468
947471
947491
947591
947592
947602
947608
947621
947649
947661
947668
947704
947715
947741
947750
947823
947831
947872
947893
947903
947906
947948
947955
947976
947997
948024
948057
948087
948090
948093
948134
948140
948151
948158
948191
948206
948218
948223
948271
948281
948308
948311
948326
948391
948431
948565
948569
948599
948664
948689
948702
948764
948822
948832
948875
948882
948927
948958
948983
948996
948998
949031
949038
949105
949119
949125
949136
949246
949269
949284
949321
949348
949357
949376
949397
949402
949460
949492
949514
949523
949573
949581
949610
949651
949661
949679
949692
949715
949727
949766
949787
949888
949891
949916
949951
949962
949975
950000
950018
950040
950057
950063
950070
950111
950113
950145
950152
950197
950230
950263
950277
950281
950343
950347
950349
950370
950395
950403
950418
950423
950453
950524
950535
950546
950611
950623
950624
950638
950673
950692
950705
950711
950722
950732
950761
950770
950792
950812
950843
950884
950935
950969
951007
951010
951015
951024
951061
951076
951081
951091
951134
951150
951197
951219
951222
951227
951260
951277
951288
951298
951299
951327
951386
951392
951415
951416
951457
951461
951481
951484
951575
951588
951619
951626
951643
951646
951724
951773
951800
951886
951932
951991
952019
952064
952067
952192
952206
952263
952275
952286
952303
952307
952320
952336
952341
952351
952355
952379
952399
952422
952449
952469
952488
952491
952498
952537
952590
952673
952675
952690
952691
952726
952760
952792
952833
952852
952867
952872
952876
952916
952967
952986
952993
953017
953034
953036
953042
953052
953100
953101
953135
953140
953159
953178
953206
953213
953216
953233
953237
953298
953308
953329
953353
953355
953385
953411
953421
953441
953480
953500
953608
953624
953664
953672
953719
953750
953782
953793
953806
953820
953830
953836
953838
953840
953862
953864
953889
953902
953920
953934
953944
953958
953980
953984
954001
954038
954044
954068
954097
954116
954121
954129
954191
954201
954255
954306
954313
954318
954328
954414
954421
954521
954543
954554
954625
954630
954641
954662
954668
954674
954675
954682
954729
954730
954802
954826
954862
954875
954877
954879
954912
955006
955042
955071
955078
955081
955087
955118
955121
955135
955137
955146
955162
955182
955189
955217
955288
955289
955298
955319
955357
955358
955366
955373
955396
955440
955449
955455
955489
955501
955514
955562
955565
955618
955623
955633
955639
955671
955705
955717
955777
955822
955838
955859
955927
955983
956005
956031
956080
956104
956127
956146
956177
956183
956199
956200
956217
956234
956254
956281
956382
956414
956431
956479
956482
956510
956528
956563
956577
956689
956691
956737
956764
956765
956767
956782
956790
956833
956848
956851
956909
956917
956931
956950
956964
957039
957054
957057
957058
957065
957085
957113
957114
957174
957291
957307
957330
957337
957396
957423
957557
957642
957649
957657
957692
957704
957722
957748
957767
957770
957813
957838
957852
957861
957873
957908
957936
957992
958012
958014
958033
958056
958090
958098
958102
958152
958183
958185
958199
958210
958216
958238
958270
958283
958319
958412
958438
958448
958450
958459
958514
958518
958555
958557
958577
958602
958624
958646
958679
958689
958720
958771
958776
958813
958845
958874
958879
958880
958917
958928
958932
958955
958961
958985
959006
959013
959042
959061
959070
959077
959090
959109
959121
959182
959187
959214
959220
959237
959286
959301
959316
959337
959362
959382
959398
959418
959433
959452
959485
959515
959523
959533
959552
959562
959564
959572
959623
959633
959656
959769
959785
959792
959812
959827
959870
959892
959938
959949
959961
960030
960033
960070
960103
960110
960134
960139
960195
960224
960252
960256
960283
960305
960317
960321
960330
960375
960414
960470
960519
960533
960591
960617
960626
960644
960673
960692
960707
960726
960774
960805
960812
960850
960851
960875
960887
960909
960927
960929
960981
960997
961000
961057
961137
961165
961213
961214
961232
961257
961321
961323
961332
961346
961350
961386
961464
961483
961527
961549
961564
961570
961604
961627
961633
961666
961693
961700
961777
961806
961833
961850
961881
961898
961901
961908
961922
961930
961959
961990
962014
962098
962135
962148
962194
962207
962210
962223
962228
962233
962241
962252
962266
962273
962276
962287
962367
962370
962408
962421
962424
962440
962450
962593
962652
962663
962675
962687
962706
962719
962732
962752
962767
962787
962832
962857
962862
962871
962915
962959
962961
962965
962967
962970
962977
963090
963142
963196
963197
963212
963224
963229
963240
963271
963273
963289
963307
963362
963364
963397
963408
963439
963448
963474
963500
963501
963540
963559
963569
963594
963615
963629
963631
963663
963673
963677
963686
963733
963753
963833
963834
963837
963926
963945
963962
963972
963976
963978
963990
964018
964037
964039
964052
964091
964173
964250
964260
964279
964296
964307
964313
964367
964400
964457
964492
964516
964519
964569
964577
964583
964604
964686
964688
964748
964806
964827
964835
964839
964859
964879
964894
964940
964981
965016
965023
965025
965047
965050
965055
965107
965125
965143
965145
965146
965193
965216
965264
965303
965359
965399
965400
965454
965484
965545
965571
965574
965594
965623
965628
965629
965666
965693
965742
965758
965791
965806
965853
965878
965891
965907
965934
965940
965955
965982
965989
966021
966051
966069
966094
966120
966139
966142
966151
966257
966274
966279
966281
966321
966362
966406
966418
966419
966427
966441
966446
966473
966492
966543
966585
966625
966658
966731
966736
966740
966821
966831
966846
966873
966901
966907
966913
966917
966930
966934
966939
966961
966970
966979
966981
966984
967000
967019
967031
967087
967116
967117
967161
967264
967283
967348
967373
967375
967393
967408
967415
967423
967453
967470
967500
967516
967521
967564
967593
967682
967688
967706
967728
967740
967750
967763
967783
967785
967793
967801
967841
967848
967849
967862
967865
967880
967910
967918
967928
967931
967960
968008
968030
968056
968089
968096
968104
968111
968133
968171
968172
968215
968244
968277
968362
968411
968414
968421
968448
968450
968452
968459
968460
968469
968544
968554
968574
968581
968590
968596
968611
968613
968628
968646
968663
968667
968754
968774
968811
968838
968870
968955
968960
968963
968978
969060
969066
969071
969076
969104
969179
969202
969207
969240
969269
969301
969319
969347
969355
969360
969361
969367
969384
969400
969416
969422
969440
969444
969449
969455
969458
969469
969501
969546
969559
969601
969633
969636
969646
969648
969675
969690
969714
969740
969751
969776
969801
969852
969906
969964
969968
969972
969978
970000
970020
970049
970072
970120
970160
970200
970214
970248
970249
970273
970287
970289
970311
970315
970337
970372
970401
970415
970449
970451
970462
970472
970489
970505
970516
970517
970534
970562
970623
970643
970667
970722
970734
970741
970750
970761
970785
970800
970807
970821
970822
970891
970910
970949
970950
971032
971146
971153
971172
971183
971227
971247
971269
971293
971296
971298
971321
971347
971382
971386
971449
971462
971469
971531
971539
971549
971556
971600
971619
971620
971632
971652
971659
971694
971706
971760
971773
971787
971871
971893
971908
971928
971942
971955
971958
971975
972020
972021
972038
972063
972104
972122
972180
972184
972193
972194
972212
972276
972291
972311
972317
972395
972421
972434
972450
972478
972493
972551
972561
972585
972628
972652
972723
972775
972786
972842
972859
972860
972915
972937
972946
972961
973029
973036
973037
973040
973044
973073
973102
973148
973186
973205
973207
974224
974260
974267
974287
974288
974289
974296
974297
974308
974314
974378
974385
974390
974409
974440
974442
974460
974479
974498
974512
974525
974532
974537
974600
974622
974683
974693
974704
974732
974754
974789
974797
974811
974822
974829
974839
974854
974898
974947
974985
974993
975027
975035
975046
975122
975130
975148
975169
975195
975240
975270
975279
975281
975354
975415
975420
975459
975491
975497
975504
975583
975589
975615
975666
975671
975703
975716
975720
975728
975739
975789
975806
975834
975843
975857
975858
975889
975892
975908
975979
975980
975984
976005
976037
976073
976091
976108
976114
976118
976131
976149
976174
976187
976261
976314
976337
976373
976419
976436
976459
976526
976534
976550
976576
976604
976618
976647
976697
976740
976788
976805
976816
976818
976823
976834
976905
976924
976934
976957
976980
976983
976992
977002
977007
977010
977028
977078
977106
977193
977214
977262
977283
977308
977332
977365
977378
977434
977449
977456
977484
977487
977508
977535
977564
977595
977623
977661
977668
977669
977698
977729
977748
977775
977780
977859
977964
977999
978017
978037
978069
978076
978078
978084
978133
978145
978157
978202
978217
978232
978247
978331
978343
978392
978441
978516
978535
978579
978590
978667
978671
978696
978699
978704
978735
978746
978748
978778
978787
978801
978818
978833
978867
978886
978894
978912
978925
978938
978940
978951
978955
978956
978985
979000
979003
979014
979083
979114
979119
979122
979139
979143
979161
979174
979188
979196
979223
979230
979232
979302
979322
979343
979346
979356
979357
979432
979471
979606
979610
979669
979721
979733
979752
979762
979810
979823
979884
979911
979930
979945
979976
980041
980050
980053
980059
980090
980111
980152
980167
980168
980171
980180
980206
980230
980232
980235
980240
980263
980271
980286
980289
980315
980338
980366
980370
980386
980436
980460
980479
980493
980509
980521
980535
980555
980558
980565
980567
980661
980667
980677
980705
980710
980726
980731
980736
980803
980853
980877
980904
980920
980946
980951
980971
980981
981035
981072
981073
981078
981079
981093
981098
981114
981197
981206
981217
981246
981265
981266
981273
981289
981311
981312
981326
981339
981351
981353
981373
981477
981510
981569
981584
981586
981596
981609
981622
981643
981657
981669
981699
981722
981727
981731
981762
981775
981781
981803
981815
981837
981856
981864
981930
981953
981956
981969
981993
982000
982015
982042
982058
982075
982090
982093
982123
982130
982153
982154
982160
982185
982210
982230
982234
982244
982253
982270
982308
982371
982390
982396
982426
982454
982479
982487
982495
982497
982499
982500
982509
982540
982549
982585
982662
982663
982725
982757
982772
982774
982805
982810
982824
982844
982855
982910
982960
982967
982999
983012
983020
983050
983096
983228
983266
983283
983325
983340
983369
983396
983401
983412
983431
983457
983461
983484
983512
983524
983631
983698
983724
983726
983818
983850
983853
983872
983876
983966
984020
984048
984117
984129
984148
984167
984212
984262
984263
984300
984307
984343
984351
984352
984412
984414
984474
984505
984539
984557
984567
984595
984596
984613
984617
984622
984694
984749
984757
984790
984828
984832
984841
984842
984856
984857
984863
984893
984905
985034
985036
985066
985149
985163
985171
985189
985223
985255
985282
985310
985327
985339
985359
985386
985403
985466
985483
985490
985502
985509
985514
985520
985538
985559
985621
985654
985680
985699
985703
985773
985802
985819
985831
985834
985859
985931
985981
985994
986024
986055
986096
986099
986136
986143
986149
986155
986156
986169
986188
986200
986250
986347
986413
986429
986447
986449
986562
986591
986739
986752
986823
986855
986906
986933
986949
986966
986982
987013
987032
987062
987078
987094
987112
987136
987159
987167
987178
987196
987208
987221
987268
987270
987272
987279
987293
987299
987322
987341
987374
987419
987427
987489
987499
987507
987508
987511
987512
987516
987540
987693
987715
987736
987769
987774
987812
987847
987850
987854
987904
987905
987940
987944
987963
987993
987999
988032
988036
988076
988086
988090
988155
988171
988219
988233
988336
988357
988367
988386
988424
988440
988450
988454
988481
988490
988583
988591
988602
988622
988670
988719
988767
988818
988866
988883
988906
988969
988994
989021
989028
989050
989058
989094
989095
989113
989119
989121
989126
989135
989155
989253
989261
989264
989368
989370
989395
989405
989420
989433
989434
989456
989497
989517
989519
989545
989556
989572
989579
989589
989599
989611
989645
989672
989697
989719
989748
989750
989758
989792
989805
989807
989873
989887
989908
989934
989939
989945
989994
990014
990053
990066
990082
990105
990135
990194
990226
990241
990242
990317
990330
990338
990343
990354
990367
990392
990398
990411
990460
990494
990571
990586
990596
990601
990704
990709
990764
990795
990818
990891
990924
990935
990939
990961
991015
991019
991046
991076
991083
991095
991105
991107
991134
991141
991163
991190
991238
991306
991323
991329
991391
991432
991438
991458
991467
991482
991505
991522
991524
991537
991563
991564
991588
991599
991614
991649
991698
991713
991887
991898
991910
991916
991922
991932
991943
991955
991991
992014
992021
992121
992127
992129
992239
992306
992349
992371
992383
992422
992441
992448
992470
992474
992481
992497
992504
992536
992539
992547
992590
992616
992659
992691
992710
992738
992782
992799
992815
992847
992858
992960
992968
992970
992982
992990
993001
993013
993030
993103
993197
993231
993274
993300
993339
993410
993414
993502
993517
993522
993543
993593
993617
993695
993754
993761
993763
993777
993780
993829
993831
993833
993845
993900
993937
993962
994004
994032
994038
994060
994093
994116
994128
994188
994231
994254
994255
994267
994276
994297
994307
994316
994330
994336
994338
994349
994381
994422
994428
994449
994505
994529
994548
994558
994572
994632
994641
994659
994685
994728
994774
994777
994808
994866
994878
994885
994915
995059
995107
995168
995188
995189
995194
995206
995217
995255
995274
995330
995348
995363
995391
995434
995436
995439
995476
995489
995497
995506
995510
995539
995628
995635
995659
995661
995702
995725
995727
995729
995752
995766
995767
995783
995817
995821
995835
995844
995854
995857
995892
995901
995926
995938
995959
995980
996021
996059
996069
996081
996101
996198
996204
996207
996225
996229
996235
996310
996317
996331
996332
996361
996362
996415
996460
996463
996478
996499
996507
996520
996537
996540
996584
996589
996629
996651
996661
996718
996723
996792
996841
996883
996925
996935
996941
996971
996999
997002
997021
997040
997048
997079
997107
997120
997127
997138
997189
997191
997203
997209
997226
997258
997306
997309
997310
997318
997330
997352
997374
997402
997408
997428
997441
997447
997482
997488
997511
997525
997541
997577
997654
997669
997670
997703
997752
997786
997790
997808
997856
997857
997866
997869
997927
997949
997977
998052
998061
998083
998087
998115
998122
998130
998207
998218
998222
998237
998283
998296
998308
998325
998359
998373
998374
998395
998396
998423
998444
998472
998493
998510
998546
998573
998605
998607
998632
998643
998690
998721
998778
998840
998843
998890
998904
998909
998919
998931
998982
999016
999029
999036
999101
999196
999219
999225
999257
999277
999289
999293
999312
999336
999366
999372
999393
999409
999445
999456
999476
999480
999509
999510
999543
999555
999618
999633
999635
999641
999663
999690
999695
999702
999718
999732
999794
999835
999861
999964
999973
999981
999982
999990
1000058
1000072
1000106
1000117
1000135
1000153
1000175
1000191
1000202
1000204
1000251
1000317
1000324
1000342
1000350
1000360
1000367
1000387
1000399
1000402
1000443
1000458
1000465
1000608
1000633
1000670
1000710
1000718
1000748
1000763
1000765
1000797
1000801
1000819
1000820
1000825
1000835
1000873
1000878
1000913
1001020
1001032
1001037
1001088
1001098
1001118
1001121
1001156
1001221
1001255
1001266
1001283
1001292
1001325
1001327
1001349
1001351
1001359
1001361
1001388
1001427
1001433
1001436
1001456
1001457
1001482
1001489
1001506
1001509
1001513
1001550
1001578
1001602
1001614
1001656
1001684
1001693
1001698
1001714
1001771
1001817
1001828
1001871
1001873
1001906
1001908
1001914
1001916
1001944
1001962
1002006
1002067
1002076
1002089
1002186
1002195
1002257
1002260
1002266
1002270
1002287
1002293
1002348
1002383
1002396
1002416
1002447
1002455
1002466
1002479
1002491
1002501
1002508
1002607
1002611
1002618
1002629
1002649
1002701
1002702
1002736
1002744
1002747
1002807
1002821
1002842
1002847
1002859
1002860
1002865
1002878
1002927
1002945
1002963
1002978
1002995
1003025
1003055
1003060
1003210
1003214
1003224
1003235
1003241
1003257
1003274
1003286
1003296
1003345
1003374
1003397
1003400
1003401
1003404
1003408
1003412
1003445
1003510
1003550
1003560
1003590
1003604
1003653
1003696
1003711
1003717
1003736
1003784
1003822
1003850
1003862
1003867
1003896
1003932
1003998
1004000
1004008
1004079
1004083
1004123
1004126
1004175
1004181
1004189
1004269
1004281
1004292
1004299
1004311
1004313
1004329
1004387
1004474
1004511
1004521
1004588
1004623
1004625
1004633
1004704
1004736
1004746
1004786
1004805
1004847
1004853
1004864
1004867
1004890
1004902
1004919
1004938
1004987
1004999
1005020
1005030
1005045
1005077
1005097
1005105
1005148
1005224
1005229
1005240
1005257
1005258
1005285
1005304
1005342
1005399
1005403
1005416
1005471
1005477
1005484
1005522
1005533
1005552
1005557
1005598
1005630
1005641
1005691
1005694
1005712
1005732
1005754
1005763
1005785
1005796
1005798
1005812
1005848
1005852
1005885
1005888
1005898
1005940
1005941
1005962
1006017
1006030
1006052
1006078
1006079
1006083
1006134
1006189
1006198
1006205
1006223
1006241
1006248
1006269
1006285
1006329
1006386
1006404
1006420
1006426
1006553
1006589
1006611
1006633
1006635
1006641
1006665
1006695
1006704
1006725
1006774
1006793
1006804
1006841
1006894
1006928
1006940
1006954
1006967
1006975
1007015
1007033
1007044
1007099
1007119
1007128
1007134
1007143
1007144
1007188
1007208
1007284
1007293
1007317
1007335
1007349
1007378
1007379
1007380
1007387
1007394
1007399
1007407
1007409
1007440
1007441
1007518
1007527
1007538
1007542
1007571
1007583
1007595
1007599
1007604
1007608
1007610
1007635
1007660
1007679
1007711
1007727
1007740
1007749
1007774
1007787
1007791
1007817
1007818
1007845
1007856
1007858
1007859
1007891
1007892
1007939
1007951
1007959
1007971
1008029
1008062
1008063
1008087
1008108
1008111
1008134
1008139
1008152
1008159
1008161
1008204
1008208
1008289
1008357
1008365
1008415
1008450
1008503
1008535
1008546
1008585
1008671
1008696
1008699
1008700
1008737
1008766
1008786
1008792
1008862
1008891
1008901
1008907
1008931
1008953
1008995
1009018
1009059
1009061
1009105
1009106
1009114
1009145
1009146
1009182
1009188
1009199
1009287
1009313
1009314
1009331
1009362
1009369
1009374
1009386
1009420
1009422
1009449
1009491
1009605
1009683
1009685
1009691
1009733
1009762
1009763
1009775
1009823
1009858
1009863
1009870
1009878
1009915
1009952
1009988
1010031
1010067
1010087
1010089
1010093
1010117
1010224
1010260
1010269
1010296
1010322
1010331
1010345
1010350
1010386
1010444
1010448
1010493
1010514
1010613
1010623
1010625
1010661
1010680
1010687
1010719
1010735
1010773
1010796
1010804
1010816
1010850
1010920
1010938
1010945
1010956
1010977
1010980
1010983
1010990
1011006
1011007
1011024
1011027
1011051
1011060
1011096
1011110
1011152
1011153
1011169
1011204
1011211
1011222
1011225
1011228
1011233
1011249
1011319
1011340
1011341
1011345
1011387
1011457
1011496
1011554
1011566
1011568
1011570
1011576
1011581
1011593
1011612
1011618
1011619
1011642
1011700
1011713
1011744
1011769
1011775
1011801
1011811
1011833
1011838
1011931
1011936
1011988
1011990
1011994
1012020
1012022
1012052
1012081
1012093
1012105
1012162
1012175
1012197
1012206
1012210
1012224
1012227
1012272
1012277
1012332
1012346
1012347
1012373
1012462
1012472
1012484
1012493
1012533
1012547
1012559
1012568
1012614
1012624
1012654
1012700
1012717
1012726
1012728
1012843
1012849
1012862
1012920
1012935
1012955
1012982
1012989
1013024
1013066
1013085
1013100
1013107
1013119
1013126
1013179
1013181
1013220
1013225
1013273
1013280
1013306
1013309
1013340
1013371
1013410
1013414
1013422
1013436
1013449
1013451
1013464
1013472
1013516
1013531
1013553
1013554
1013604
1013670
1013681
1013691
1013723
1013724
1013733
1013783
1013820
1013850
1013865
1013930
1013938
1013941
1013964
1013978
1014000
1014024
1014065
1014078
1014079
1014087
1014096
1014127
1014145
1014163
1014233
1014238
1014253
1014265
1014329
1014404
1014424
1014540
1014616
1014626
1014646
1014734
1014761
1014782
1014790
1014859
1014873
1014897
1014913
1014923
1014924
1014979
1014991
1014994
1015053
1015056
1015081
1015113
1015149
1015164
1015181
1015207
1015209
1015245
1015312
1015316
1015333
1015353
1015375
1015401
1015415
1015422
1015430
1015460
1015464
1015468
1015484
1015506
1015538
1015544
1015558
1015595
1015627
1015646
1015655
1015669
1015678
1015696
1015703
1015714
1015724
1015730
1015783
1015801
1015827
1015867
1015923
1016011
1016043
1016076
1016106
1016140
1016142
1016198
1016207
1016246
1016270
1016286
1016303
1016321
1016341
1016351
1016356
1016380
1016473
1016521
1016535
1016572
1016576
1016627
1016642
1016681
1016696
1016711
1016726
1016731
1016741
1016807
1016823
1016904
1016912
1016955
1016976
1016981
1016992
1017047
1017057
1017059
1017143
1017152
1017162
1017182
1017210
1017243
1017289
1017308
1017314
1017334
1017405
1017445
1017527
1017556
1017568
1017582
1017587
1017592
1017624
1017630
1017638
1017672
1017813
1017828
1017891
1017910
1017937
1017949
1017954
1017969
1017990
1018016
1018100
1018140
1018142
1018146
1018210
1018220
1018226
1018274
1018292
1018295
1018297
1018403
1018439
1018451
1018464
1018465
1018475
1018485
1018503
1018582
1018644
1018694
1018741
1018762
1018768
1018798
1018822
1018823
1018855
1018859
1018873
1018934
1018945
1018948
1018955
1019004
1019026
1019042
1019075
1019078
1019081
1019115
1019212
1019323
1019345
1019351
1019379
1019403
1019461
1019472
1019479
1019482
1019488
1019495
1019501
1019582
1019638
1019656
1019690
1019706
1019722
1019740
1019752
1019794
1019833
1019842
1019847
1019869
1019913
1019952
1019957
1020025
1020061
1020131
1020163
1020196
1020213
1020230
1020257
1020277
1020282
1020295
1020303
1020312
1020323
1020330
1020372
1020378
1020397
1020402
1020405
1020406
1020429
1020434
1020441
1020451
1020468
1020471
1020482
1020630
1020681
1020726
1020732
1020763
1020778
1020788
1020804
1020822
1020863
1020877
1020885
1020903
1020923
1020925
1020927
1020938
1020958
1020959
1021003
1021083
1021100
1021139
1021181
1021232
1021255
1021315
1021342
1021369
1021380
1021396
1021413
1021419
1021443
1021454
1021457
1021512
1021524
1021607
1021624
1021653
1021660
1021661
1021701
1021712
1021797
1021801
1021811
1021827
1021850
1021854
1021856
1021879
1021903
1021917
1021951
1021986
1021987
1022030
1022063
1022145
1022193
1022227
1023270
1023282
1023297
1023314
1023322
1023353
1023404
1023439
1023456
1023459
1023469
1023488
1023490
1023545
1023580
1023602
1023620
1023656
1023663
1023696
1023757
1023780
1023807
1023824
1023833
1023841
1023844
1023878
1023887
1023907
1023927
1023942
1023953
1023995
1024015
1024022
1024054
1024062
1024084
1024133
1024139
1024140
1024166
1024188
1024194
1024201
1024261
1024295
1024344
1024489
1024509
1024517
1024527
1024532
1024601
1024724
1024736
1024764
1024767
1024774
1024804
1024852
1024881
1024883
1024899
1024905
1024974
1024975
1024983
1025000
1025001
1025013
1025060
1025076
1025105
1025119
1025170
1025183
1025200
1025233
1025244
1025300
1025308
1025316
1025343
1025355
1025395
1025413
1025444
1025468
1025479
1025488
1025504
1025567
1025594
1025618
1025638
1025659
1025720
1025736
1025772
1025774
1025781
1025802
1025833
1025854
1025857
1025863
1025866
1025902
1025903
1025905
1025921
1025947
1025962
1026021
1026051
1026093
1026137
1026203
1026228
1026235
1026247
1026277
1026281
1026283
1026293
1026299
1026318
1026328
1026340
1026351
1026354
1026371
1026395
1026408
1026420
1026442
1026456
1026458
1026487
1026614
1026618
1026652
1026668
1026720
1026724
1026766
1026777
1026793
1026801
1026806
1026815
1026846
1026951
1027007
1027016
1027023
1027040
1027046
1027058
1027060
1027087
1027135
1027141
1027156
1027165
1027167
1027173
1027183
1027202
1027211
1027230
1027261
1027269
1027275
1027364
1027390
1027407
1027433
1027451
1027471
1027525
1027564
1027566
1027675
1027683
1027685
1027712
1027761
1027764
1027774
1027797
1027810
1027838
1027854
1027856
1027901
1027938
1027962
1027979
1027985
1028005
1028061
1028103
1028125
1028150
1028176
1028219
1028220
1028222
1028311
1028320
1028326
1028328
1028337
1028352
1028366
1028367
1028458
1028475
1028477
1028507
1028544
1028557
1028602
1028614
1028699
1028700
1028709
1028735
1028747
1028807
1028811
1028831
1028847
1028864
1028894
1028921
1028974
1029012
1029017
1029031
1029033
1029052
1029079
1029085
1029089
1029121
1029171
1029181
1029207
1029215
1029247
1029259
1029278
1029303
1029312
1029337
1029345
1029366
1029389
1029402
1029413
1029443
1029509
1029568
1029599
1029604
1029624
1029643
1029692
1029697
1029735
1029738
1029742
1029775
1029784
1029787
1029788
1029818
1029824
1029828
1029843
1029855
1029906
1029916
1029979
1029982
1029991
1029994
1030051
1030052
1030093
1030106
1030128
1030150
1030161
1030238
1030260
1030265
1030271
1030296
1030299
1030302
1030322
1030362
1030375
1030423
1030426
1030457
1030533
1030539
1030541
1030572
1030579
1030643
1030671
1030674
1030697
1030705
1030712
1030727
1030763
1030793
1030806
1030808
1030850
1030851
1030882
1030884
1030913
1030920
1030930
1030942
1030943
1030980
1030992
1031035
1031082
1031099
1031126
1031141
1031143
1031144
1031148
1031163
1031172
1031196
1031205
1031215
1031272
1031294
1031300
1031321
1031325
1031373
1031404
1031430
1031451
1031452
1031469
1031475
1031476
1031487
1031492
1031513
1031552
1031596
1031621
1031648
1031689
1031710
1031802
1031807
1031846
1031857
1031876
1031900
1031981
1031984
1031998
1032006
1032077
1032111
1032115
1032120
1032127
1032130
1032175
1032176
1032180
1032182
1032204
1032323
1032344
1032349
1032354
1032355
1032390
1032407
1032409
1032477
1032493
1032505
1032524
1032525
1032540
1032547
1032549
1032552
1032584
1032588
1032593
1032608
1032622
1032652
1032660
1032662
1032666
1032668
1032709
1032742
1032746
1032810
1032852
1032867
1032900
1032928
1032930
1032955
1032972
1033031
1033108
1033145
1033151
1033167
1033217
1033247
1033274
1033317
1033336
1033383
1033390
1033445
1033467
1033503
1033570
1033585
1033588
1033603
1033726
1033727
1033748
1033754
1033776
1033830
1033840
1033856
1033878
1033885
1033900
1033997
1034005
1034019
1034066
1034081
1034082
1034135
1034279
1034297
1034331
1034334
1034350
1034366
1034367
1034401
1034467
1034508
1034510
1034514
1034542
1034545
1034590
1034595
1034596
1034635
1034636
1034658
1034662
1034669
1034678
1034684
1034709
1034715
1034720
1034721
1034722
1034724
1034756
1034774
1034813
1034871
1034880
1034953
1034973
1034988
1035046
1035047
1035066
1035086
1035109
1035131
1035163
1035211
1035297
1035309
1035346
1035349
1035356
1035357
1035368
1035414
1035446
1035452
1035487
1035504
1035511
1035513
1035526
1035618
1035619
1035656
1035695
1035709
1035727
1035746
1035771
1035793
1035812
1035816
1035876
1035878
1035881
1035903
1035922
1035934
1035995
1036002
1036013
1036054
1036063
1036082
1036091
1036113
1036119
1036195
1036222
1036224
1036238
1036244
1036253
1036276
1036312
1036315
1036356
1036397
1036399
1036410
1036416
1036425
1036427
1036442
1036459
1036463
1036519
1036521
1036607
1036645
1036686
1036692
1036709
1036712
1036721
1036723
1036783
1036789
1036812
1036820
1036861
1036869
1036949
1036970
1037002
1037018
1037024
1037030
1037041
1037044
1037155
1037203
1037207
1037212
1037244
1037303
1037304
1037365
1037419
1037422
1037527
1037548
1037577
1037630
1037703
1037746
1037788
1037832
1037852
1037854
1037883
1037902
1037944
1038003
1038018
1038062
1038083
1038116
1038123
1038135
1038154
1038184
1038191
1038215
1038218
1038221
1038271
1038379
1038389
1038396
1038398
1038429
1038433
1038534
1038550
1038553
1038579
1038607
1038621
1038640
1038653
1038667
1038716
1038798
1038848
1038851
1038854
1038936
1038945
1038962
1039003
1039064
1039110
1039142
1039156
1039176
1039205
1039233
1039252
1039274
1039308
1039316
1039351
1039364
1039384
1039400
1039456
1039461
1039482
1039518
1039537
1039544
1039545
1039643
1039674
1039698
1039709
1039710
1039743
1039817
1039818
1039824
1039862
1039867
1039903
1039989
1039993
1040088
1040092
1040148
1040207
1040238
1040247
1040253
1040293
1040349
1040385
1040470
1040660
1040671
1040694
1040720
1040731
1040749
1040763
1040764
1040859
1040870
1040904
1040922
1040989
1041069
1041123
1041159
1041160
1041162
1041210
1041234
1041291
1041310
1041320
1041359
1041370
1041382
1041398
1041429
1041455
1041485
1041486
1041496
1041510
1041562
1041621
1041647
1041705
1041738
1041834
1041837
1041850
1041869
1041986
1042007
1042012
1042026
1042052
1042066
1042074
1042136
1042150
1042167
1042202
1042259
1042279
1042304
1042340
1042348
1042351
1042390
1042419
1042430
1042438
1042453
1042464
1042471
1042502
1042503
1042512
1042516
1042545
1042555
1042592
1042680
1042681
1042710
1042730
1042733
1042771
1042782
1042790
1042794
1042810
1042833
1042835
1042855
1042966
1043055
1043065
1043069
1043099
1043108
1043109
1043131
1043134
1043177
1043225
1043250
1043260
1043307
1043327
1043342
1043357
1043391
1043395
1043507
1043542
1043571
1043579
1043580
1043582
1043590
1043597
1043613
1043657
1043676
1043694
1043722
1043731
1043750
1043769
1043778
1043807
1043816
1043821
1043856
1043862
1043872
1043877
1043908
1043929
1043956
1043972
1043982
1043994
1044008
1044040
1044047
1044104
1044120
1044127
1044159
1044170
1044175
1044212
1044220
1044225
1044232
1044267
1044290
1044363
1044421
1044492
1044502
1044507
1044561
1044567
1044578
1044674
1044684
1044706
1044770
1044802
1044806
1044821
1044829
1044875
1044893
1044908
1044911
1044961
1044964
1044990
1045029
1045049
1045051
1045081
1045084
1045085
1045096
1045120
1045181
1045207
1045212
1045220
1045257
1045326
1045350
1045425
1045426
1045440
1045490
1045494
1045500
1045502
1045505
1045529
1045535
1045551
1045592
1045603
1045624
1045654
1045685
1045686
1045699
1045723
1045726
1045735
1045739
1045767
1045785
1045791
1045803
1045828
1045833
1045866
1045893
1045911
1045923
1045939
1045961
1045964
1045972
1045986
1045990
1046033
1046047
1046063
1046075
1046077
1046126
1046141
1046168
1046180
1046193
1046204
1046206
1046223
1046240
1046265
1046311
1046358
1046367
1046372
1046404
1046445
1046453
1046465
1046513
1046528
1046567
1046571
1046588
1046621
1046624
1046640
1046671
1046759
1046789
1046797
1046801
1046812
1046844
1046871
1046874
1046884
1046893
1046902
1047004
1047036
1047054
1047070
1047103
1047133
1047147
1047250
1047258
1047273
1047336
1047343
1047352
1047353
1047363
1047368
1047393
1047434
1047436
1047449
1047465
1047489
1047509
1047522
1047586
1047600
1047607
1047655
1047692
1047776
1047778
1047796
1047801
1047813
1047844
1047896
1047923
1047951
1047957
1048047
1048084
1048091
1048134
1048193
1048237
1048243
1048245
1048267
1048313
1048322
1048328
1048341
1048342
1048365
1048395
1048400
1048417
1048445
1048470
1048490
1048606
1048607
1048685
1048695
1048707
1048727
1048741
1048768
1048843
1048845
1048871
1048878
1048905
1048936
1048943
1048981
1048991
1049007
1049056
1049105
1049121
1049128
1049149
1049153
1049230
1049244
1049273
1049312
1049331
1049349
1049350
1049351
1049392
1049397
1049427
1049521
1049542
1049564
1049568
1049586
1049593
1049610
1049646
1049748
1049753
1049825
1049861
1049876
1049877
1049890
1050035
1050063
1050068
1050086
1050090
1050098
1050121
1050123
1050139
1050146
1050149
1050167
1050181
1050196
1050230
1050231
1050239
1050243
1050268
1050285
1050298
1050323
1050326
1050335
1050384
1050398
1050426
1050446
1050455
1050472
1050510
1050614
1050648
1050670
1050692
1050736
1050745
1050748
1050757
1050793
1050806
1050828
1050829
1050862
1050864
1050879
1050905
1050911
1050988
1051004
1051034
1051111
1051121
1051149
1051167
1051170
1051189
1051194
1051232
1051249
1051257
1051274
1051315
1051413
1051450
1051455
1051468
1051473
1051494
1051516
1051520
1051531
1051614
1051632
1051644
1051661
1051663
1051665
1051678
1051680
1051691
1051710
1051724
1051745
1051783
1051784
1051819
1051902
1051924
1051944
1051958
1051988
1052079
1052092
1052119
1052127
1052143
1052224
1052258
1052269
1052301
1052361
1052365
1052372
1052388
1052395
1052396
1052402
1052405
1052434
1052442
1052510
1052523
1052575
1052579
1052635
1052644
1052657
1052677
1052728
1052730
1052748
1052788
1052859
1052979
1052998
1053005
1053012
1053019
1053026
1053038
1053044
1053048
1053077
1053108
1053157
1053178
1053302
1053318
1053334
1053379
1053387
1053400
1053430
1053432
1053443
1053472
1053473
1053486
1053558
1053561
1053587
1053594
1053620
1053672
1053715
1053716
1053728
1053763
1053767
1053782
1053804
1053849
1053862
1053882
1053885
1053904
1053910
1053946
1053947
1053954
1053957
1054003
1054011
1054059
1054125
1054195
1054200
1054212
1054236
1054242
1054312
1054322
1054325
1054343
1054344
1054389
1054432
1054461
1054503
1054543
1054563
1054565
1054568
1054576
1054577
1054613
1054722
1054760
1054776
1054778
1054785
1054815
1054825
1054826
1054883
1054892
1054901
1054967
1054970
1054987
1055005
1055016
1055034
1055122
1055154
1055167
1055174
1055179
1055196
1055200
1055237
1055257
1055379
1055381
1055471
1055479
1055487
1055509
1055518
1055522
1055567
1055571
1055574
1055583
1055620
1055627
1055650
1055723
1055803
1055805
1055833
1055837
1055865
1055891
1056006
1056014
1056053
1056064
1056079
1056124
1056126
1056133
1056166
1056170
1056237
1056252
1056292
1056303
1056318
1056327
1056337
1056347
1056367
1056378
1056459
1056486
1056498
1056526
1056532
1056543
1056577
1056579
1056613
1056624
1056678
1056734
1056740
1056752
1056757
1056763
1056764
1056786
1056809
1056841
1056851
1056878
1056889
1056904
1056957
1056986
1056998
1057005
1057018
1057112
1057130
1057131
1057141
1057182
1057227
1057251
1057256
1057312
1057366
1057383
1057418
1057420
1057432
1057455
1057456
1057475
1057501
1057527
1057542
1057619
1057629
1057634
1057645
1057653
1057671
1057678
1057738
1057804
1057808
1057813
1057829
1057869
1057902
1057942
1057944
1057967
1058002
1058020
1058053
1058075
1058097
1058103
1058129
1058158
1058181
1058189
1058224
1058265
1058278
1058308
1058312
1058321
1058355
1058389
1058399
1058428
1058491
1058529
1058561
1058565
1058609
1058635
1058644
1058645
1058739
1058747
1058813
1058877
1058971
1058981
1059045
1059118
1059137
1059189
1059191
1059204
1059231
1059237
1059284
1059292
1059310
1059336
1059371
1059423
1059465
1059481
1059502
1059526
1059555
1059563
1059580
1059586
1059595
1059620
1059704
1059739
1059768
1059784
1059798
1059799
1059883
1059908
1059912
1059977
1059984
1059994
1060015
1060033
1060066
1060076
1060109
1060120
1060154
1060162
1060166
1060191
1060195
1060199
1060218
1060230
1060250
1060348
1060356
1060373
1060384
1060404
1060444
1060474
1060513
1060523
1060527
1060572
1060613
1060658
1060681
1060696
1060734
1060744
1060754
1060760
1060766
1060783
1060786
1060798
1060827
1060851
1060863
1060891
1060899
1060940
1060961
1060963
1061018
1061045
1061055
1061087
1061127
1061133
1061144
1061145
1061152
1061169
1061175
1061181
1061233
1061238
1061354
1061357
1061359
1061386
1061430
1061453
1061455
1061505
1061530
1061543
1061563
1061570
1061620
1061669
1061680
1061710
1061716
1061739
1061744
1061758
1061767
1061781
1061840
1061849
1061855
1061878
1061879
1061889
1061914
1062049
1062058
1062090
1062122
1062149
1062233
1062247
1062262
1062277
1062294
1062305
1062321
1062341
1062410
1062420
1062430
1062472
1062541
1062555
1062560
1062575
1062576
1062609
1062647
1062750
1062752
1062823
1062833
1062886
1062915
1062919
1062929
1062933
1062953
1062956
1062985
1062988
1063054
1063071
1063122
1063123
1063127
1063130
1063136
1063139
1063274
1063286
1063317
1063323
1063373
1063396
1063475
1063484
1063488
1063510
1063517
1063535
1063547
1063575
1063580
1063584
1063658
1063665
1063695
1063732
1063783
1063791
1063803
1063805
1063808
1063821
1063863
1063942
1063969
1063973
1063983
1064038
1064058
1064082
1064105
1064111
1064116
1064142
1064146
1064164
1064180
1064184
1064186
1064204
1064211
1064229
1064242
1064244
1064255
1064324
1064333
1064337
1064390
1064499
1064553
1064571
1064573
1064629
1064644
1064647
1064665
1064676
1064689
1064779
1064839
1064840
1064849
1064854
1064912
1064916
1064927
1065061
1065123
1065167
1065171
1065174
1065183
1065185
1065236
1065252
1065264
1065285
1065286
1065288
1065325
1065370
1065371
1065378
1065389
1065409
1065416
1065433
1065461
1065468
1065491
1065533
1065570
1065574
1065576
1065577
1065582
1065583
1065629
1065641
1065654
1065659
1065663
1065674
1065687
1065717
1065728
1065748
1065755
1065761
1065807
1065822
1065825
1065858
1065879
1065894
1065919
1065939
1065975
1065996
1066021
1066029
1066115
1066119
1066122
1066178
1066192
1066210
1066211
1066239
1066241
1066320
1066323
1066341
1066353
1066354
1066357
1066403
1066462
1066472
1066496
1066507
1066523
1066528
1066542
1066573
1066587
1066608
1066659
1066670
1066727
1066732
1066766
1066789
1066792
1066809
1066834
1066854
1066881
1066899
1066920
1066937
1066986
1066988
1067046
1067053
1067065
1067068
1067089
1067112
1067118
1067173
1067178
1067180
1067243
1067258
1067291
1067294
1067341
1067361
1067365
1067367
1067395
1067403
1067407
1067419
1067433
1067444
1067462
1067484
1067488
1067496
1067568
1067606
1067669
1067736
1067748
1067800
1067808
1067810
1067812
1067823
1067837
1067839
1067915
1067917
1067966
1067977
1067991
1067997
1068017
1068043
1068072
1068078
1068095
1068130
1068140
1068156
1068176
1068179
1068187
1068190
1068208
1068276
1068287
1068336
1068357
1068371
1068380
1068422
1068442
1068478
1068487
1068553
1068580
1068624
1068634
1068673
1068683
1068762
1068768
1068775
1068778
1068825
1068828
1068831
1068884
1068958
1068964
1068972
1068999
1069004
1069064
1069113
1069138
1069171
1069173
1069206
1069214
1069239
1069242
1069243
1069302
1069321
1069405
1069429
1069495
1069499
1069536
1069537
1069571
1069635
1069657
1069661
1069670
1069701
1069715
1069743
1069744
1069759
1069795
1069809
1069827
1069867
1069879
1069923
1069950
1069974
1070036
1070041
1070058
1070109
1070115
1070139
1070169
1070171
1070238
1070248
1070307
1070313
1070339
1070342
1070343
1070357
1070360
1070364
1070423
1070457
1070539
1070572
1070618
1070630
1070643
1070690
1070691
1070692
1070720
1070734
1070748
1070771
1070781
1070790
1070791
1070800
1070803
1070807
1070829
1070856
1070869
1070888
1070891
1070902
1070933
1070950
1070988
1071011
1071016
1071018
1071042
1071044
1071066
1071071
1071122
1071156
1071179
1071195
1071210
1071326
1071337
1071338
1071350
1071359
1071393
1071411
1071412
1071432
1071437
1071489
1071497
1071498
1071509
1071517
1071531
1071537
1071542
1071543
1071556
1071573
1071591
1071661
1071693
1071704
1071725
1071759
1071797
1071822
1071828
1071836
1071848
1071876
1071928
1071933
1071936
1071947
1071960
1071994
1071995
1072000
1072018
1072053
1072072
1072078
1072082
1072109
1072110
1072111
1072117
1072155
1072199
1072269
1072287
1072320
1072421
1072456
1072483
1072490
1072491
1072495
1072497
1072526
1072540
1072551
1072587
1072597
1072682
1072684
1072695
1072697
1072747
1072753
1072758
1072761
1072773
1072775
1072830
1072831
1072845
1072935
1072950
1073011
1073091
1073123
1073135
1073139
1073216
1073248
1073265
1073303
1073320
1073348
1073383
1073402
1073408
1073409
1073471
1073530
1073534
1073563
1073585
1073589
1073600
1073614
1073657
1073665
1073717
1073743
1073798
1073812
1073846
1073850
1073870
1073893
1073931
1073939
1074011
1074031
1074067
1074076
1074120
1074167
1074193
1074194
1074198
1074254
1074286
1074308
1074386
1074395
1074409
1074482
1074507
1074513
1074530
1074536
1074615
1074616
1074637
1074640
1074691
1074695
1074702
1074727
1074749
1074796
1074810
1074861
1074911
1074976
1074995
1075008
1075036
1075038
1075120
1075134
1075171
1075173
1075180
1075206
1075212
1075231
1075254
1075280
1075282
1075308
1075355
1075358
1075365
1075431
1075476
1075491
1075505
1075535
1075548
1075597
1075601
1075605
1075613
1075622
1075633
1075658
1075660
1075698
1075704
1075720
1075736
1075757
1075760
1075766
1075780
1075808
1075817
1075830
1075833
1075846
1075889
1075906
1075909
1075914
1075928
1075953
1075996
1076016
1076023
1076139
1076145
1076149
1076151
1076156
1076198
1076211
1076212
1076232
1076274
1076276
1076325
1076385
1076416
1076472
1076496
1076524
1076544
1076545
1076546
1076677
1076686
1076714
1076738
1076758
1076822
1076831
1076838
1076842
1076849
1076869
1076899
1076921
1076936
1077043
1077048
1077069
1077070
1077071
1077110
1077143
1077146
1077151
1077152
1077153
1077163
1077166
1077208
1077272
1077335
1077338
1077339
1077370
1077422
1077437
1077438
1077450
1077522
1077558
1077561
1077562
1077579
1077583
1077590
1077601
1077608
1077626
1077630
1077672
1077678
1077689
1077750
1077756
1077758
1077780
1077788
1077828
1077832
1077847
1077901
1077934
1077972
1077994
1078002
1078006
1078041
1078043
1078061
1078081
1078102
1078106
1078122
1078146
1078196
1078240
1078271
1078348
1078386
1078390
1078409
1078413
1078503
1078506
1078510
1078568
1078584
1078605
1078615
1078621
1078653
1078664
1078689
1078697
1078707
1078715
1078716
1078870
1078875
1078901
1078902
1078932
1078952
1079002
1079003
1079027
1079057
1079121
1079136
1079159
1079167
1079170
1079190
1079196
1079218
1079223
1079264
1079275
1079291
1079304
1079313
1079319
1079385
1079405
1079436
1079451
1079462
1079464
1079533
1079564
1079602
1079637
1079647
1079680
1079687
1079728
1079729
1079740
1079762
1079789
1079839
1079890
1079924
1079973
1079985
1079986
1079988
1080077
1080135
1080202
1080210
1080251
1080291
1080307
1080342
1080349
1080362
1080399
1080411
1080422
1080470
1080505
1080528
1080529
1080551
1080582
1080629
1080637
1080662
1080684
1080697
1080758
1080815
1080819
1080826
1080832
1080916
1080917
1080919
1080949
1081039
1081047
1081065
1081076
1081090
1081102
1081115
1081129
1081169
1081175
1081193
1081219
1081220
1081224
1081274
1081317
1081329
1081363
1081406
1081436
1081455
1081482
1081495
1081533
1081575
1081604
1081615
1081690
1081707
1081724
1081753
1081759
1081771
1081805
1081847
1081851
1081966
1082002
1082042
1082077
1082094
1082119
1082174
1082205
1082225
1082284
1082287
1082290
1082348
1082365
1082395
1082443
1082454
1082488
1082570
1082579
1082585
1082594
1082618
1082645
1082741
1082755
1082775
1082819
1082822
1082908
1082939
1082957
1083033
1083053
1083071
1083123
1083177
1083188
1083205
1083207
1083211
1083266
1083295
1083306
1083397
1083419
1083484
1083503
1083519
1083528
1083582
1083630
1083638
1083696
1083734
1083739
1083746
1083773
1083833
1083862
1083864
1083868
1083889
1083920
1083961
1084006
1084037
1084053
1084071
1084136
1084175
1084182
1084196
1084208
1084213
1084219
1084221
1084231
1084250
1084275
1084287
1084318
1084332
1084339
1084407
1084418
1084489
1084492
1084607
1084632
1084657
1084690
1084698
1084699
1084711
1084880
1084884
1084909
1084914
1084953
1084956
1084968
1084990
1084994
1085017
1085033
1085037
1085108
1085122
1085198
1085212
1085241
1085242
1085264
1085302
1085331
1085348
1085434
1085466
1085467
1085468
1085498
1085499
1085528
1085554
1085587
1085625
1085669
1085698
1085709
1085716
1085730
1085767
1085771
1085798
1085829
1085855
1085865
1085907
1085917
1085977
1085988
1085991
1086018
1086019
1086059
1086060
1086133
1086138
1086150
1086184
1086226
1086248
1086252
1086268
1086269
1086284
1086347
1086385
1086462
1086484
1086534
1086541
1086577
1086598
1086615
1086621
1086652
1086679
1086689
1086719
1086745
1086747
1086767
1086777
1086823
1086833
1086863
1086884
1086897
1086958
1087000
1087008
1087086
1087118
1087134
1087196
1087213
1087238
1087247
1087251
1087279
1087280
1087303
1087365
1087370
1087395
1087412
1087435
1087471
1087538
1087552
1087557
1087558
1087564
1087582
1087609
1087677
1087714
1087717
1087736
1087752
1087800
1087828
1087832
1087836
1087896
1087952
1087962
1087999
1088085
1088112
1088126
1088141
1088180
1088220
1088255
1088260
1088283
1088291
1088309
1088315
1088319
1088331
1088342
1088352
1088373
1088415
1088429
1088437
1088464
1088477
1088501
1088503
1088527
1088534
1088570
1088644
1088681
1088712
1088725
1088743
1088771
1088806
1088828
1088838
1088850
1088874
1088882
1088902
1088924
1089023
1089061
1089073
1089077
1089096
1089126
1089136
1089165
1089177
1089190
1089222
1089230
1089294
1089302
1089307
1089353
1089462
1089483
1089540
1089558
1089604
1089617
1089634
1089669
1089704
1089708
1089748
1089755
1089763
1089810
1089816
1089829
1089845
1089909
1089961
1089963
1089977
1089988
1090004
1090047
1090053
1090061
1090087
1090092
1090115
1090150
1090154
1090157
1090187
1090191
1090197
1090201
1090247
1090256
1090260
1090295
1090298
1090311
1090316
1090329
1090362
1090384
1090429
1090436
1090456
1090480
1090491
1090511
1090516
1090525
1090587
1090592
1090696
1090746
1090751
1090773
1090788
1090806
1090820
1090827
1090863
1090904
1090908
1090953
1090964
1091016
1091025
1091065
1091116
1091167
1091174
1091183
1091189
1091190
1091200
1091329
1091330
1091373
1091427
1091429
1091435
1091484
1091548
1091585
1091590
1091615
1091646
1091653
1091677
1091736
1091737
1091738
1091806
1091921
1091942
1091962
1091998
1092031
1092032
1092051
1092095
1092115
1092123
1092149
1092164
1092198
1092229
1092244
1092264
1092272
1092286
1092319
1092361
1092376
1092418
1092458
1092460
1092492
1092522
1092523
1092554
1092572
1092612
1092613
1092637
1092711
1092734
1092772
1092804
1092813
1092824
1092833
1092855
1092885
1092892
1093045
1093048
1093071
1093100
1093108
1093140
1093171
1093252
1093271
1093310
1093336
1093355
1093419
1093426
1093484
1093531
1093569
1093590
1093602
1093628
1093644
1093655
1093716
1093720
1093736
1093742
1093746
1093760
1093771
1093827
1093899
1093953
1093962
1093991
1094001
1094018
1094039
1094043
1094085
1094104
1094106
1094155
1094189
1094225
1094262
1094294
1094328
1094339
1094379
1094391
1094435
1094453
1094463
1094492
1094496
1094504
1094515
1094558
1094570
1094625
1094665
1094670
1094676
1094706
1094709
1094710
1094729
1094739
1094801
1094803
1094842
1094925
1094947
1094985
1095002
1095047
1095053
1095089
1095107
1095114
1095116
1095162
1095203
1095215
1095224
1095249
1095264
1095278
1095302
1095322
1095324
1095331
1095390
1095437
1095441
1095446
1095461
1095484
1095510
1095542
1095631
1095646
1095650
1095659
1095667
1095681
1095752
1095757
1095827
1095854
1095890
1095896
1095920
1095983
1095986
1095991
1096025
1096027
1096039
1096077
1096090
1096111
1096166
1096189
1096207
1096242
1096245
1096271
1096320
1096340
1096347
1096366
1096439
1096477
1096559
1096568
1096620
1096644
1096702
1096715
1096720
1096782
1096786
1096812
1096821
1096829
1096840
1096853
1096886
1096935
1096964
1096966
1096973
1096987
1097015
1097043
1097058
1097106
1097117
1097141
1097160
1097185
1097200
1097204
1097219
1097228
1097230
1097245
1097263
1097304
1097316
1097339
1097364
1097369
1097382
1097420
1097440
1097462
1097470
1097471
1097477
1097513
1097565
1097585
1097609
1097621
1097624
1097653
1097658
1097662
1097669
1097697
1097698
1097714
1097740
1097788
1097822
1097882
1097898
1097913
1097918
1097919
1097931
1097952
1097953
1097966
1097992
1098016
1098050
1098062
1098072
1098078
1098090
1098133
1098145
1098172
1098265
1098266
1098268
1098290
1098306
1098328
1098339
1098361
1098403
1098416
1098424
1098445
1098462
1098490
1098526
1098528
1098535
1098563
1098583
1098593
1098594
1098600
1098633
1098702
1098755
1098763
1098770
1098811
1098867
1098898
1098899
1098911
1098919
1098931
1098938
1098944
1098979
1098980
1098987
1099023
1099046
1099064
1099221
1099230
1099270
1099307
1099340
1099367
1099376
1099384
1099462
1099520
1099547
1099552
1099557
1099560
1099596
1099608
1099625
1099640
1099659
1099663
1099664
1099669
1099677
1099682
1099691
1099734
1099751
1099775
1099780
1099812
1099813
1099842
1099922
1099936
1099937
1099980
1100016
1100029
1100053
1100055
1100106
1100214
1100234
1100267
1100290
1100315
1100337
1100393
1100401
1100448
1100475
1100516
1100545
1100561
1100581
1100589
1100604
1100614
1100644
1100646
1100657
1100669
1100687
1100698
1100780
1100838
1100839
1100847
1100873
1100874
1100880
1100883
1100897
1100914
1100991
1101010
1101023
1102045
1102050
1102057
1102074
1102121
1102152
1102176
1102218
1102237
1102258
1102299
1102301
1102326
1102404
1102408
1102428
1102430
1102450
1102475
1102502
1102506
1102537
1102635
1102647
1102657
1102665
1102668
1102696
1102702
1102756
1102773
1102793
1102811
1102840
1102847
1102851
1102882
1102904
1102944
1102974
1102982
1102994
1103023
1103081
1103110
1103118
1103132
1103135
1103175
1103218
1103253
1103257
1103260
1103275
1103296
1103331
1103386
1103411
1103484
1103559
1103604
1103650
1103671
1103676
1103707
1103747
1103750
1103783
1103789
1103799
1103820
1103874
1103937
1103960
1103971
1104013
1104069
1104194
1104226
1104252
1104311
1104340
1104360
1104363
1104409
1104475
1104488
1104494
1104539
1104551
1104565
1104574
1104601
1104628
1104681
1104690
1104704
1104719
1104733
1104756
1104760
1104788
1104789
1104794
1104804
1104861
1104895
1104897
1104923
1104926
1104929
1104948
1104994
1105027
1105050
1105086
1105120
1105140
1105147
1105149
1105178
1105192
1105205
1105215
1105319
1105334
1105342
1105385
1105418
1105428
1105437
1105462
1105463
1105475
1105483
1105508
1105521
1105535
1105561
1105569
1105589
1105614
1105619
1105643
1105701
1105741
1105812
1105845
1105864
1105922
1105935
1105945
1105947
1105981
1106030
1106050
1106062
1106064
1106120
1106145
1106175
1106180
1106204
1106229
1106288
1106309
1106332
1106407
1106467
1106484
1106504
1106540
1106541
1106544
1106556
1106635
1106657
1106690
1106695
1106702
1106704
1106717
1106737
1106739
1106742
1106768
1106779
1106866
1106884
1106890
1106914
1106917
1106943
1106965
1106989
1106996
1107001
1107022
1107055
1107116
1107119
1107130
1107214
1107240
1107288
1107329
1107435
1107439
1107564
1107589
1107600
1107631
1107652
1107682
1107713
1107725
1107726
1107753
1107796
1107799
1107842
1107854
1107908
1107932
1107963
1107971
1107974
1107979
1107987
1108026
1108063
1108070
1108153
1108211
1108216
1108222
1108236
1108273
1108339
1108357
1108358
1108395
1108414
1108471
1108516
1108524
1108586
1108598
1108630
1108695
1108708
1108713
1108745
1108782
1108784
1108797
1108834
1108854
1108855
1108879
1108896
1108904
1108950
1108964
1108974
1108977
1109010
1109053
1109099
1109135
1109155
1109181
1109184
1109212
1109215
1109216
1109274
1109334
1109345
1109392
1109407
1109410
1109452
1109494
1109505
1109514
1109581
1109586
1109663
1109677
1109760
1109776
1109804
1109807
1109830
1109858
1109887
1109912
1109936
1109938
1109955
1109957
1109968
1109986
1110010
1110073
1110110
1110123
1110133
1110171
1110189
1110229
1110254
1110287
1110372
1110374
1110377
1110403
1110420
1110482
1110498
1110514
1110528
1110533
1110535
1110556
1110563
1110578
1110598
1110670
1110676
1110688
1110783
1110787
1110826
1110866
1110892
1110908
1110913
1110996
1111001
1111035
1111104
1111139
1111166
1111250
1111255
1111259
1111287
1111327
1111353
1111375
1111392
1111397
1111411
1111417
1111449
1111459
1111460
1111461
1111483
1111504
1111511
1111518
1111555
1111570
1111574
1111614
1111636
1111647
1111657
1111682
1111708
1111718
1111818
1111850
1111859
1111897
1111909
1111924
1111954
1111955
1112078
1112088
1112137
1112163
1112164
1112209
1112212
1112246
1112281
1112282
1112307
1112308
1112336
1112348
1112375
1112379
1112409
1112417
1112428
1112437
1112439
1112448
1112559
1112575
1112579
1112583
1112629
1112671
1112707
1112714
1112739
1112740
1112741
1112748
1112749
1112751
1112752
1112773
1112774
1112804
1112864
1112886
1112910
1112942
1112981
1112982
1112983
1112994
1113027
1113055
1113128
1113136
1113146
1113155
1113162
1113237
1113301
1113322
1113333
1113368
1113433
1113461
1113513
1113531
1113536
1113543
1113548
1113584
1113605
1113631
1113651
1113674
1113694
1113702
1113714
1113741
1113745
1113753
1113754
1113778
1113873
1113891
1113893
1113910
1113939
1113955
1113964
1113970
1113986
1113994
1114017
1114027
1114043
1114099
1114123
1114126
1114145
1114163
1114205
1114299
1114314
1114346
1114378
1114422
1114427
1114436
1114556
1114570
1114581
1114599
1114620
1114649
1114665
1114681
1114725
1114747
1114765
1114769
1114825
1114875
1114892
1114910
1114946
1114951
1115041
1115050
1115057
1115098
1115111
1115131
1115190
1115192
1115225
1115235
1115261
1115287
1115294
1115299
1115314
1115386
1115394
1115410
1115417
1115426
1115445
1115446
1115457
1115485
1115500
1115505
1115510
1115511
1115527
1115613
1115633
1115635
1115639
1115650
1115683
1115709
1115713
1115758
1115763
1115794
1115799
1115802
1115808
1115842
1115848
1115882
1115885
1115901
1115952
1115956
1115958
1116007
1116035
1116089
1116095
1116124
1116168
1116194
1116212
1116221
1116262
1116263
1116275
1116290
1116335
1116336
1116376
1116432
1116434
1116437
1116466
1116506
1116528
1116544
1116632
1116696
1116761
1116793
1116818
1116854
1116863
1116875
1116876
1116883
1116897
1116922
1116939
1116940
1116957
1117020
1117028
1117071
1117095
1117106
1117121
1117129
1117132
1117139
1117150
1117180
1117203
1117219
1117271
1117305
1117424
1117454
1117459
1117464
1117476
1117486
1117539
1117560
1117650
1117690
1117705
1117707
1117709
1117725
1117734
1117738
1117763
1117782
1117784
1117821
1117844
1117874
1117907
1117933
1117977
1118007
1118096
1118103
1118150
1118235
1118245
1118252
1118308
1118310
1118334
1118351
1118362
1118374
1118381
1118401
1118431
1118460
1118470
1118482
1118524
1118533
1118592
1118601
1118615
1118637
1118719
1118763
1118766
1118794
1118879
1118964
1118970
1118971
1118979
1118984
1119028
1119046
1119103
1119152
1119172
1119207
1119213
1119239
1119247
1119279
1119306
1119341
1119401
1119433
1119446
1119457
1119495
1119512
1119546
1119575
1119620
1119754
1119757
1119786
1119798
1119803
1119812
1119832
1119834
1119839
1119841
1119864
1119867
1119870
1119926
1119974
1119976
1119983
1120028
1120064
1120090
1120126
1120131
1120166
1120226
1120230
1120232
1120236
1120279
1120312
1120340
1120348
1120375
1120378
1120380
1120469
1120480
1120509
1120513
1120532
1120580
1120584
1120586
1120644
1120673
1120675
1120680
1120760
1120772
1120776
1120811
1120822
1120859
1120897
1120898
1120908
1120912
1120924
1120946
1120950
1121026
1121044
1121063
1121068
1121092
1121134
1121156
1121196
1121227
1121278
1121368
1121403
1121473
1121482
1121486
1121488
1121491
1121531
1121535
1121540
1121549
1121564
1121566
1121572
1121593
1121604
1121651
1121665
1121672
1121704
1121706
1121714
1121715
1121716
1121730
1121783
1121798
1121879
1121905
1122000
1122019
1122044
1122062
1122070
1122097
1122120
1122161
1122181
1122242
1122275
1122318
1122346
1122360
1122383
1122399
1122431
1122441
1122465
1122494
1122535
1122539
1122545
1122563
1122588
1122624
1122638
1122686
1122691
1122695
1122703
1122768
1122799
1122815
1122831
1122839
1122911
1122962
1122975
1123006
1123013
1123015
1123025
1123030
1123060
1123120
1123131
1123133
1123209
1123230
1123258
1123280
1123304
1123318
1123322
1123326
1123353
1123392
1123395
1123409
1123412
1123422
1123432
1123489
1123582
1123604
1123676
1123690
1123697
1123755
1123762
1123767
1123806
1123809
1123811
1123855
1123878
1123961
1123986
1123987
1124005
1124012
1124029
1124039
1124053
1124064
1124215
1124232
1124236
1124245
1124287
1124374
1124378
1124397
1124411
1124422
1124473
1124478
1124479
1124497
1124606
1124616
1124617
1124642
1124646
1124699
1124766
1124773
1124791
1124798
1124813
1124815
1124836
1124893
1124905
1124923
1124978
1125021
1125024
1125049
1125133
1125136
1125217
1125220
1125235
1125269
1125277
1125313
1125327
1125360
1125385
1125388
1125405
1125422
1125437
1125476
1125495
1125503
1125586
1125700
1125712
1125719
1125735
1125741
1125767
1125811
1125848
1125984
1125989
1125991
1125995
1126006
1126030
1126083
1126174
1126178
1126199
1126201
1126225
1126235
1126296
1126298
1126379
1126399
1126440
1126479
1126511
1126573
1126581
1126661
1126675
1126679
1126680
1126719
1126728
1126742
1126769
1126777
1126783
1126830
1126834
1126840
1126874
1126914
1126922
1126927
1126968
1126972
1126974
1126975
1126988
1127000
1127005
1127023
1127058
1127107
1127151
1127155
1127176
1127202
1127215
1127236
1127246
1127324
1127352
1127372
1127374
1127380
1127387
1127408
1127479
1127518
1127527
1127531
1127532
1127552
1127576
1127579
1127643
1127651
1127680
1127724
1127763
1127780
1127830
1127859
1127883
1127891
1127896
1127935
1127973
1128084
1128116
1128125
1128140
1128171
1128215
1128222
1128259
1128270
1128321
1128363
1128386
1128387
1128394
1128396
1128435
1128437
1128449
1128496
1128539
1128542
1128545
1128565
1128661
1128675
1128691
1128693
1128717
1128762
1128839
1128864
1128865
1128893
1128922
1128966
1129006
1129019
1129029
1129056
1129077
1129104
1129189
1129219
1129225
1129308
1129321
1129324
1129349
1129406
1129407
1129479
1129481
1129532
1129552
1129558
1129560
1129585
1129617
1129624
1129632
1129660
1129672
1129714
1129718
1129726
1129759
1129786
1129803
1129808
1129809
1129836
1129850
1129871
1129886
1129923
1129949
1129976
1129985
1129994
1130056
1130074
1130114
1130116
1130138
1130158
1130163
1130242
1130264
1130271
1130313
1130314
1130331
1130345
1130348
1130354
1130382
1130386
1130446
1130447
1130457
1130502
1130503
1130556
1130586
1130609
1130624
1130640
1130642
1130650
1130656
1130661
1130664
1130668
1130685
1130769
1130842
1130886
1130890
1130934
1130999
1131037
1131087
1131163
1131232
1131274
1131370
1131428
1131513
1131515
1131586
1131597
1131615
1131618
1131637
1131646
1131651
1131660
1131690
1131691
1131722
1131729
1131754
1131780
1131784
1131797
1131845
1131893
1131903
1131946
1131955
1131958
1131967
1132012
1132074
1132099
1132131
1132154
1132174
1132175
1132194
1132286
1132294
1132308
1132329
1132342
1132359
1132362
1132400
1132437
1132470
1132555
1132573
1132575
1132606
1132640
1132672
1132710
1132727
1132744
1132759
1132770
1132820
1132823
1132853
1132905
1132920
1132927
1132948
1132958
1133004
1133057
1133192
1133215
1133220
1133257
1133312
1133319
1133377
1133382
1133477
1133490
1133493
1133518
1133520
1133524
1133635
1133697
1133710
1133717
1133735
1133772
1133839
1133841
1133883
1133962
1133966
1133969
1133982
1133991
1133993
1134017
1134030
1134085
1134104
1134123
1134171
1134178
1134192
1134198
1134214
1134216
1134268
1134299
1134340
1134351
1134352
1134354
1134396
1134415
1134484
1134525
1134528
1134580
1134586
1134599
1134616
1134654
1134720
1134736
1134746
1134819
1134900
1134927
1134930
1134934
1134940
1134969
1135024
1135073
1135133
1135151
1135168
1135179
1135203
1135224
1135226
1135260
1135277
1135290
1135295
1135305
1135323
1135392
1135393
1135432
1135447
1135453
1135471
1135513
1135523
1135526
1135576
1135585
1135607
1135653
1135707
1135733
1135737
1135745
1135770
1135825
1135831
1135843
1135860
1135874
1135897
1135916
1135934
1135951
1136050
1136052
1136057
1136075
1136089
1136113
1136117
1136220
1136275
1136321
1136323
1136340
1136345
1136374
1136414
1136419
1136503
1136536
1136544
1136567
1136590
1136657
1136671
1136701
1136733
1136816
1136885
1136887
1136917
1136932
1136978
1136997
1137008
1137121
1137136
1137140
1137152
1137175
1137176
1137198
1137217
1137220
1137243
1137254
1137271
1137279
1137358
1137384
1137411
1137415
1137482
1137508
1137515
1137543
1137555
1137616
1137624
1137636
1137690
1137713
1137726
1137801
1137817
1137827
1137875
1137899
1137990
1138031
1138052
1138074
1138082
1138111
1138139
1138177
1138222
1138239
1138240
1138294
1138339
1138351
1138378
1138402
1138408
1138417
1138425
1138429
1138459
1138500
1138544
1138558
1138559
1138617
1138621
1138625
1138714
1138760
1138764
1138816
1138829
1138841
1138934
1138939
1138954
1138972
1138983
1139051
1139153
1139185
1139189
1139201
1139212
1139219
1139237
1139258
1139277
1139289
1139295
1139305
1139320
1139337
1139379
1139415
1139419
1139433
1139467
1139477
1139556
1139597
1139601
1139624
1139649
1139655
1139684
1139732
1139734
1139735
1139749
1139777
1139792
1139797
1139825
1139840
1139846
1139856
1139884
1139920
1139974
1140031
1140035
1140046
1140095
1140099
1140114
1140117
1140118
1140124
1140187
1140284
1140311
1140317
1140339
1140347
1140407
1140416
1140482
1140484
1140565
1140569
1140578
1140612
1140654
1140676
1140785
1140798
1140801
1140867
1140887
1140930
1140942
1140992
1141002
1141125
1141216
1141219
1141239
1141277
1141290
1141308
1141364
1141372
1141434
1141460
1141476
1141477
1141487
1141490
1141498
1141541
1141571
1141612
1141624
1141651
1141672
1141721
1141801
1141829
1141862
1141883
1141901
1141910
1141911
1141912
1141913
1141927
1141961
1141986
1141990
1142030
1142147
1142169
1142171
1142173
1142184
1142194
1142212
1142218
1142254
1142277
1142291
1142297
1142344
1142395
1142411
1142412
1142431
1142446
1142451
1142467
1142477
1142479
1142485
1142507
1142510
1142540
1142548
1142645
1142691
1142703
1142713
1142717
1142756
1142775
1142795
1142824
1142846
1142872
1142945
1143018
1143035
1143047
1143062
1143064
1143107
1143108
1143116
1143126
1143150
1143164
1143182
1143228
1143253
1143281
1143328
1143371
1143405
1143423
1143425
1143437
1143481
1143499
1143503
1143524
1143543
1143561
1143585
1143615
1143619
1143624
1143628
1143648
1143697
1143763
1143771
1143805
1143810
1143860
1143876
1143878
1143906
1143959
1143997
1144007
1144018
1144034
1144038
1144046
1144066
1144168
1144182
1144215
1144218
1144241
1144245
1144251
1144266
1144289
1144327
1144330
1144334
1144335
1144360
1144399
1144464
1144526
1144581
1144582
1144602
1144629
1144652
1144666
1144670
1144671
1144710
1144741
1144757
1144869
1144897
1144906
1144909
1144946
1144962
1144996
1145016
1145046
1145073
1145080
1145082
1145128
1145187
1145223
1145339
1145353
1145364
1145380
1145424
1145428
1145453
1145559
1145571
1145587
1145591
1145604
1145612
1145674
1145721
1145729
1145750
1145798
1145799
1145810
1145818
1145860
1145908
1145924
1145932
1145933
1145939
1146019
1146030
1146082
1146167
1146200
1146207
1146210
1146236
1146237
1146244
1146271
1146293
1146301
1146328
1146356
1146385
1146390
1146392
1146397
1146405
1146415
1146421
1146432
1146461
1146493
1146535
1146563
1146595
1146642
1146666
1146709
1146714
1146749
1146760
1146768
1146840
1146841
1146850
1146862
1146863
1146867
1146873
1146905
1146928
1146956
1147002
1147008
1147048
1147052
1147058
1147074
1147085
1147114
1147121
1147210
1147241
1147284
1147454
1147457
1147475
1147480
1147488
1147521
1147565
1147575
1147585
1147593
1147603
1147611
1147635
1147642
1147651
1147660
1147676
1147684
1147691
1147694
1147717
1147749
1147823
1147836
1147843
1147854
1147906
1147912
1147918
1147924
1147951
1147962
1148022
1148057
1148066
1148075
1148080
1148100
1148114
1148123
1148151
1148159
1148194
1148230
1148231
1148276
1148344
1148395
1148423
1148447
1148448
1148456
1148471
1148474
1148480
1148482
1148520
1148546
1148557
1148571
1148588
1148634
1148662
1148684
1148689
1148772
1148779
1148795
1148800
1148817
1148825
1148860
1148890
1148934
1148961
1148975
1149015
1149083
1149097
1149203
1149212
1149213
1149224
1149226
1149227
1149241
1149245
1149262
1149269
1149287
1149296
1149323
1149369
1149386
1149398
1149466
1149477
1149489
1149512
1149523
1149531
1149535
1149557
1149622
1149678
1149679
1149771
1149772
1149791
1149792
1149796
1149797
1149798
1149845
1149873
1149875
1149891
1149914
1150010
1150041
1150049
1150050
1150121
1150127
1150147
1150204
1150206
1150209
1150211
1150215
1150231
1150245
1150305
1150307
1150317
1150335
1150367
1150383
1150436
1150464
1150482
1150494
1150510
1150545
1150590
1150637
1150686
1150706
1150776
1150782
1150818
1150824
1150872
1150898
1150918
1150943
1150952
1150962
1150966
1150974
1151007
1151015
1151023
1151122
1151142
1151164
1151169
1151195
1151202
1151250
1151279
1151282
1151333
1151353
1151357
1151379
1151395
1151417
1151482
1151488
1151489
1151505
1151575
1151654
1151660
1151723
1151742
1151785
1151793
1151828
1151838
1151864
1151877
1151916
1151937
1151997
1152038
1152054
1152059
1152094
1152125
1152135
1152158
1152167
1152168
1152170
1152181
1152192
1152193
1152200
1152229
1152230
1152244
1152316
1152318
1152329
1152412
1152426
1152459
1152468
1152483
1152502
1152514
1152586
1152639
1152649
1152671
1152687
1152691
1152729
1152764
1152828
1152841
1152842
1152887
1152911
1152950
1152957
1152993
1153024
1153040
1153071
1153096
1153107
1153124
1153141
1153161
1153185
1153189
1153207
1153212
1153215
1153229
1153231
1153235
1153253
1153310
1153326
1153360
1153371
1153376
1153380
1153395
1153402
1153410
1153489
1153490
1153495
1153507
1153585
1153623
1153628
1153647
1153648
1153680
1153682
1153693
1153694
1153696
1153717
1153768
1153784
1153804
1153816
1153822
1153823
1153832
1153854
1153894
1153925
1153927
1153957
1153992
1154020
1154023
1154053
1154114
1154126
1154131
1154144
1154154
1154155
1154165
1154167
1154170
1154195
1154322
1154330
1154340
1154349
1154426
1154453
1154458
1154467
1154470
1154481
1154516
1154554
1154608
1154609
1154626
1154633
1154641
1154668
1154741
1154799
1154810
1154812
1154821
1154843
1154864
1154901
1154925
1154988
1155003
1155092
1155093
1155139
1155153
1155157
1155165
1155181
1155192
1155205
1155207
1155243
1155244
1155260
1155275
1155307
1155359
1155392
1155406
1155461
1155496
1155506
1155572
1155574
1155595
1155596
1155618
1155667
1155681
1155779
1155818
1155834
1155863
1155877
1155928
1155954
1155976
1156003
1156020
1156039
1156055
1156102
1156144
1156155
1156179
1156210
1156235
1156236
1156252
1156262
1156271
1156332
1156344
1156346
1156432
1156454
1156464
1156474
1156504
1156536
1156568
1156640
1156648
1156655
1156664
1156691
1156696
1156722
1156736
1156782
1156788
1156934
1156942
1157008
1157013
1157017
1157042
1157070
1157082
1157088
1157096
1157097
1157147
1157157
1157172
1157188
1157243
1157266
1157269
1157295
1157323
1157333
1157355
1157385
1157393
1157457
1157478
1157484
1157489
1157504
1157567
1157581
1157608
1157610
1157627
1157661
1157676
1157678
1157681
1157687
1157691
1157693
1157720
1157734
1157742
1157765
1157766
1157779
1157799
1157812
1157862
1157921
1157939
1157960
1157962
1157963
1157971
1157976
1158062
1158101
1158139
1158159
1158173
1158260
1158266
1158284
1158286
1158291
1158368
1158383
1158400
1158420
1158422
1158432
1158533
1158538
1158565
1158616
1158681
1158698
1158708
1158758
1158766
1158834
1158843
1158848
1158864
1158926
1158954
1158960
1158967
1158970
1158990
1159006
1159048
1159078
1159091
1159142
1159170
1159174
1159227
1159243
1159246
1159280
1159324
1159377
1160391
1160418
1160440
1160479
1160498
1160534
1160562
1160577
1160605
1160651
1160668
1160674
1160733
1160776
1160779
1160790
1160794
1160919
1160959
1160995
1161055
1161057
1161067
1161104
1161134
1161139
1161140
1161242
1161249
1161254
1161263
1161307
1161322
1161344
1161345
1161441
1161449
1161454
1161522
1161539
1161553
1161569
1161591
1161620
1161647
1161656
1161692
1161803
1161814
1161854
1161870
1161906
1161913
1161925
1161936
1162029
1162040
1162045
1162060
1162085
1162104
1162124
1162163
1162198
1162203
1162294
1162328
1162332
1162336
1162343
1162348
1162401
1162407
1162438
1162516
1162521
1162526
1162532
1162535
1162546
1162569
1162576
1162591
1162596
1162618
1162630
1162649
1162664
1162686
1162719
1162771
1162783
1162831
1162833
1162837
1162842
1162843
1162864
1162874
1162912
1162921
1162969
1162980
1163012
1163134
1163135
1163162
1163163
1163194
1163202
1163263
1163267
1163273
1163286
1163321
1163324
1163389
1163422
1163475
1163477
1163489
1163512
1163522
1163527
1163580
1163591
1163596
1163646
1163691
1163694
1163719
1163792
1163798
1163809
1163852
1163858
1163861
1163938
1163940
1163946
1163964
1163972
1164006
1164029
1164035
1164053
1164100
1164114
1164116
1164132
1164169
1164193
1164217
1164247
1164270
1164275
1164301
1164303
1164336
1164403
1164501
1164515
1164523
1164528
1164536
1164542
1164568
1164607
1164630
1164632
1164637
1164643
1164697
1164721
1164726
1164732
1164766
1164767
1164798
1164804
1164814
1164832
1164833
1164858
1164895
1164918
1164978
1164987
1164988
1164994
1165023
1165030
1165034
1165040
1165063
1165092
1165169
1165177
1165205
1165213
1165228
1165240
1165246
1165273
1165335
1165336
1165344
1165470
1165473
1165481
1165495
1165496
1165504
1165517
1165541
1165551
1165583
1165587
1165609
1165643
1165692
1165695
1165696
1165709
1165724
1165741
1165777
1165795
1165867
1165972
1165973
1166001
1166012
1166026
1166036
1166053
1166074
1166099
1166112
1166118
1166126
1166139
1166206
1166207
1166226
1166265
1166341
1166368
1166370
1166382
1166383
1166404
1166416
1166436
1166455
1166495
1166502
1166523
1166525
1166556
1166579
1166581
1166647
1166670
1166737
1166741
1166761
1166763
1166767
1166780
1166798
1166840
1166906
1166913
1166917
1166925
1167002
1167028
1167094
1167141
1167158
1167209
1167237
1167243
1167254
1167308
1167344
1167355
1167366
1167373
1167461
1167463
1167470
1167476
1167484
1167492
1167543
1167544
1167551
1167554
1167577
1167657
1167676
1167710
1167718
1167722
1167737
1167754
1167801
1167803
1167819
1167836
1167874
1167878
1167894
1167953
1167975
1168002
1168034
1168053
1168070
1168071
1168107
1168112
1168116
1168143
1168148
1168176
1168197
1168217
1168220
1168225
1168264
1168284
1168308
1168319
1168325
1168334
1168355
1168367
1168402
1168408
1168424
1168425
1168442
1168447
1168459
1168496
1168505
1168527
1168538
1168563
1168595
1168636
1168638
1168662
1168692
1168762
1168770
1168784
1168787
1168884
1168932
1168934
1168966
1168978
1168980
1169016
1169018
1169043
1169046
1169082
1169091
1169145
1169155
1169186
1169195
1169260
1169267
1169305
1169313
1169322
1169387
1169393
1169418
1169434
1169460
1169521
1169555
1169586
1169638
1169665
1169738
1169741
1169785
1169805
1169809
1169826
1170013
1170055
1170099
1170109
1170121
1170124
1170175
1170188
1170204
1170220
1170223
1170244
1170255
1170257
1170267
1170269
1170313
1170380
1170384
1170401
1170470
1170472
1170473
1170476
1170507
1170533
1170670
1170682
1170724
1170756
1170760
1170761
1170763
1170770
1170819
1170878
1170885
1170926
1170948
1170953
1170963
1171006
1171061
1171086
1171148
1171177
1171218
1171226
1171243
1171280
1171301
1171315
1171329
1171344
1171353
1171400
1171471
1171503
1171504
1171513
1171552
1171557
1171559
1171571
1171578
1171588
1171612
1171638
1171676
1171682
1171703
1171710
1171720
1171785
1171828
1171830
1171883
1171937
1171964
1172061
1172084
1172100
1172136
1172144
1172191
1172217
1172223
1172247
1172312
1172318
1172329
1172355
1172390
1172394
1172404
1172405
1172411
1172448
1172450
1172461
1172477
1172489
1172498
1172542
1172547
1172566
1172590
1172610
1172662
1172677
1172694
1172715
1172733
1172785
1172825
1172865
1172873
1172899
1172940
1172982
1172989
1173005
1173027
1173057
1173079
1173098
1173103
1173105
1173109
1173130
1173152
1173170
1173175
1173227
1173249
1173278
1173280
1173293
1173299
1173308
1173391
1173435
1173436
1173437
1173505
1173507
1173537
1173559
1173634
1173656
1173696
1173698
1173707
1173740
1173764
1173790
1173792
1173808
1173866
1173878
1173881
1173899
1173928
1173985
1174014
1174020
1174024
1174147
1174148
1174233
1174261
1174269
1174282
1174283
1174289
1174303
1174312
1174316
1174319
1174362
1174378
1174410
1174417
1174439
1174480
1174578
1174601
1174618
1174675
1174677
1174709
1174717
1174726
1174754
1174809
1174853
1174867
1174873
1174876
1174885
1174894
1174914
1174924
1174944
1174976
1174995
1175013
1175019
1175042
1175058
1175087
1175091
1175115
1175126
1175162
1175165
1175173
1175219
1175228
1175309
1175311
1175337
1175374
1175375
1175411
1175420
1175448
1175449
1175454
1175459
1175466
1175528
1175539
1175568
1175571
1175600
1175613
1175614
1175711
1175737
1175763
1175787
1175789
1175803
1175808
1175822
1175824
1175868
1175933
1175953
1175961
1175966
1175983
1175989
1176002
1176005
1176055
1176059
1176098
1176104
1176118
1176126
1176145
1176162
1176223
1176228
1176239
1176290
1176295
1176299
1176335
1176381
1176382
1176526
1176532
1176547
1176587
1176593
1176601
1176607
1176631
1176636
1176641
1176648
1176650
1176675
1176688
1176723
1176747
1176754
1176767
1176807
1176808
1176818
1176824
1176842
1176870
1176948
1176991
1177051
1177066
1177083
1177084
1177087
1177098
1177167
1177188
1177201
1177215
1177305
1177366
1177383
1177394
1177422
1177466
1177493
1177548
1177553
1177593
1177602
1177641
1177697
1177701
1177709
1177763
1177819
1177859
1177871
1177875
1177882
1177903
1177914
1177937
1177939
1177969
1177998
1178013
1178220
1178242
1178270
1178296
1178326
1178327
1178349
1178354
1178359
1178396
1178404
1178414
1178436
1178469
1178472
1178537
1178545
1178587
1178652
1178664
1178667
1178679
1178729
1178752
1178762
1178780
1178786
1178790
1178806
1178834
1178850
1178852
1178865
1178869
1178876
1178905
1178906
1178912
1178956
1178962
1179032
1179054
1179079
1179087
1179098
1179116
1179143
1179146
1179184
1179204
1179205
1179240
1179267
1179277
1179283
1179291
1179322
1179360
1179364
1179374
1179377
1179395
1179417
1179470
1179480
1179519
1179554
1179563
1179616
1179622
1179625
1179634
1179670
1179743
1179785
1179795
1179809
1179826
1179838
1179854
1179860
1179875
1179893
1179910
1179935
1179991
1180051
1180129
1180156
1180169
1180192
1180196
1180232
1180262
1180264
1180280
1180332
1180338
1180385
1180386
1180409
1180419
1180439
1180484
1180499
1180525
1180530
1180564
1180600
1180608
1180702
1180712
1180736
1180738
1180754
1180778
1180798
1180873
1180897
1180959
1180991
1180996
1181045
1181052
1181066
1181095
1181108
1181153
1181178
1181205
1181236
1181269
1181290
1181412
1181481
1181496
1181499
1181533
1181563
1181564
1181568
1181574
1181580
1181594
1181596
1181600
1181603
1181652
1181666
1181722
1181727
1181728
1181731
1181778
1181808
1181848
1181850
1181854
1181861
1181871
1181905
1181932
1181960
1182001
1182002
1182009
1182054
1182063
1182076
1182078
1182095
1182118
1182157
1182178
1182199
1182205
1182294
1182297
1182320
1182329
1182356
1182358
1182363
1182382
1182396
1182399
1182406
1182450
1182544
1182577
1182602
1182608
1182616
1182638
1182642
1182710
1182718
1182730
1182734
1182762
1182830
1182849
1182870
1182912
1182983
1182989
1183017
1183085
1183116
1183124
1183133
1183181
1183221
1183236
1183326
1183337
1183359
1183366
1183369
1183371
1183380
1183388
1183404
1183456
1183466
1183492
1183508
1183511
1183539
1183540
1183546
1183548
1183559
1183599
1183658
1183661
1183677
1183678
1183685
1183732
1183740
1183771
1183856
1183857
1183873
1183894
1183955
1183966
1184016
1184023
1184026
1184070
1184084
1184087
1184155
1184223
1184308
1184321
1184338
1184343
1184344
1184368
1184371
1184462
1184547
1184549
1184554
1184565
1184617
1184638
1184647
1184669
1184685
1184731
1184775
1184790
1184800
1184814
1184832
1184837
1184861
1184888
1184930
1184931
1184940
1184948
1184971
1184990
1185000
1185004
1185063
1185150
1185153
1185166
1185172
1185177
1185178
1185192
1185262
1185291
1185311
1185346
1185352
1185379
1185394
1185430
1185442
1185479
1185504
1185507
1185517
1185538
1185540
1185595
1185617
1185624
1185747
1185754
1185759
1185772
1185787
1185814
1185820
1185825
1185840
1185849
1185872
1186020
1186039
1186091
1186111
1186144
1186189
1186280
1186288
1186295
1186302
1186305
1186312
1186315
1186357
1186364
1186365
1186376
1186410
1186418
1186423
1186438
1186450
1186476
1186501
1186503
1186523
1186537
1186562
1186589
1186604
1186611
1186650
1186675
1186683
1186703
1186716
1186774
1186804
1186808
1186819
1186879
1186882
1186919
1186940
1186965
1187003
1187032
1187048
1187071
1187087
1187104
1187164
1187185
1187189
1187203
1187218
1187230
1187233
1187244
1187247
1187295
1187305
1187309
1187318
1187350
1187398
1187443
1187534
1187557
1187561
1187570
1187612
1187626
1187706
1187712
1187752
1187875
1187901
1187913
1187967
1187984
1188037
1188062
1188093
1188103
1188126
1188139
1188142
1188147
1188159
1188183
1188210
1188250
1188263
1188294
1188368
1188381
1188411
1188430
1188432
1188437
1188441
1188451
1188462
1188508
1188539
1188560
1188573
1188584
1188632
1188646
1188666
1188672
1188691
1188710
1188711
1188729
1188758
1188771
1188782
1188790
1188842
1188852
1188853
1188865
1188866
1188871
1188889
1188922
1188990
1189018
1189026
1189027
1189073
1189092
1189234
1189238
1189303
1189323
1189331
1189347
1189357
1189399
1189404
1189421
1189444
1189451
1189452
1189466
1189475
1189582
1189587
1189593
1189615
1189655
1189696
1189722
1189746
1189747
1189750
1189766
1189786
1189791
1189828
1189835
1189931
1189969
1189993
1190049
1190079
1190140
1190228
1190231
1190250
1190251
1190268
1190272
1190273
1190276
1190283
1190291
1190341
1190412
1190420
1190470
1190481
1190531
1190576
1190617
1190633
1190661
1190693
1190718
1190721
1190728
1190743
1190745
1190747
1190770
1190824
1190839
1190840
1190866
1190889
1190929
1190953
1190960
1191044
1191055
1191083
1191096
1191129
1191144
1191146
1191172
1191182
1191214
1191215
1191238
1191275
1191280
1191291
1191351
1191354
1191383
1191394
1191396
1191451
1191455
1191464
1191511
1191522
1191546
1191586
1191606
1191647
1191758
1191769
1191779
1191851
1191858
1191865
1191892
1191915
1191921
1191959
1191983
1192048
1192072
1192084
1192153
1192190
1192212
1192230
1192244
1192369
1192388
1192398
1192409
1192412
1192430
1192434
1192442
1192465
1192468
1192477
1192479
1192509
1192536
1192552
1192560
1192595
1192598
1192604
1192614
1192629
1192642
1192696
1192709
1192720
1192730
1192789
1192853
1192859
1192881
1192941
1192954
1192981
1193017
1193043
1193059
1193060
1193094
1193146
1193166
1193184
1193228
1193230
1193264
1193283
1193317
1193322
1193328
1193342
1193390
1193398
1193403
1193412
1193432
1193485
1193513
1193531
1193544
1193598
1193629
1193636
1193639
1193656
1193681
1193701
1193762
1193784
1193797
1193798
1193820
1193835
1193850
1193852
1193855
1193895
1193908
1193910
1193976
1193996
1194058
1194059
1194070
1194103
1194120
1194133
1194158
1194164
1194203
1194209
1194285
1194327
1194334
1194344
1194363
1194373
1194385
1194425
1194442
1194484
1194515
1194518
1194539
1194551
1194564
1194592
1194602
1194610
1194613
1194634
1194674
1194691
1194694
1194709
1194712
1194737
1194748
1194801
1194889
1194925
1194931
1194934
1194967
1194979
1194994
1195033
1195054
1195082
1195088
1195121
1195149
1195191
1195211
1195218
1195227
1195234
1195236
1195254
1195257
1195263
1195268
1195322
1195352
1195400
1195438
1195450
1195462
1195473
1195476
1195480
1195500
1195512
1195540
1195544
1195591
1195621
1195642
1195679
1195699
1195718
1195736
1195762
1195805
1195825
1195881
1195888
1195912
1195956
1195958
1196005
1196014
1196061
1196083
1196101
1196125
1196127
1196134
1196155
1196167
1196215
1196231
1196232
1196234
1196256
1196263
1196387
1196391
1196411
1196431
1196440
1196450
1196467
1196503
1196508
1196513
1196576
1196581
1196599
1196603
1196637
1196639
1196649
1196656
1196676
1196687
1196691
1196695
1196704
1196756
1196764
1196797
1196839
1196848
1196869
1196894
1196918
1196976
1196995
1197006
1197010
1197021
1197041
1197044
1197130
1197135
1197169
1197172
1197232
1197243
1197321
1197344
1197411
1197412
1197416
1197466
1197469
1197503
1197509
1197517
1197519
1197539
1197540
1197565
1197566
1197577
1197607
1197609
1197656
1197674
1197707
1197751
1197755
1197760
1197815
1197919
1197937
1197972
1198019
1198033
1198045
1198105
1198119
1198135
1198139
1198158
1198159
1198194
1198211
1198279
1198296
1198317
1198318
1198365
1198382
1198455
1198540
1198544
1198587
1198609
1198709
1198750
1198765
1198778
1198785
1198791
1198802
1198856
1198858
1198882
1198900
1198904
1198906
1198939
1199008
1199019
1199107
1199108
1199141
1199176
1199203
1199235
1199250
1199262
1199274
1199287
1199323
1199351
1199362
1199452
1199457
1199489
1199515
1199520
1199527
1199542
1199586
1199614
1199634
1199707
1199711
1199722
1199734
1199750
1199768
1199779
1199785
1199800
1199804
1199817
1199844
1199870
1199888
1199912
1199917
1199918
1199977
1199990
1200049
1200088
1200101
1200118
1200166
1200209
1200237
1200280
1200296
1200299
1200330
1200332
1200346
1200388
1200397
1200404
1200433
1200489
1200511
1200514
1200523
1200537
1200557
1200558
1200568
1200570
1200596
1200616
1200639
1200711
1200721
1200731
1200764
1200828
1200854
1200866
1200873
1200969
1200984
1200997
1201073
1201118
1201198
1201221
1201237
1201243
1201304
1201351
1201372
1201376
1201391
1201521
1201522
1201524
1201529
1201590
1201600
1201605
1201609
1201640
1201641
1201644
1201686
1201687
1201695
1201726
1201771
1201798
1201821
1201832
1201844
1201919
1201932
1201989
1201992
1202002
1202020
1202044
1202067
1202069
1202106
1202146
1202153
1202161
1202224
1202229
1202253
1202321
1202350
1202367
1202418
1202419
1202420
1202456
1202458
1202461
1202463
1202566
1202582
1202595
1202683
1202697
1202709
1202724
1202730
1202811
1202853
1202855
1202874
1202924
1202962
1203010
1203016
1203039
1203076
1203100
1203154
1203171
1203194
1203206
1203225
1203232
1203233
1203251
1203285
1203305
1203359
1203369
1203434
1203439
1203448
1203454
1203487
1203497
1203507
1203520
1203574
1203581
1203582
1203601
1203626
1203643
1203690
1203704
1203737
1203754
1203765
1203767
1203805
1203814
1203827
1203858
1203918
1203919
1203939
1203972
1203979
1204019
1204029
1204037
1204063
1204091
1204107
1204139
1204166
1204199
1204239
1204240
1204321
1204324
1204358
1204378
1204390
1204393
1204423
1204434
1204442
1204462
1204527
1204544
1204599
1204612
1204619
1204660
1204662
1204666
1204670
1204678
1204692
1204695
1204708
1204745
1204748
1204806
1204948
1205027
1205035
1205083
1205136
1205187
1205198
1205224
1205251
1205275
1205278
1205307
1205360
1205428
1205480
1205520
1205538
1205543
1205552
1205564
1205569
1205590
1205620
1205660
1205769
1205873
1205880
1205900
1205914
1205916
1205926
1205949
1205958
1205972
1205977
1205980
1205994
1206023
1206075
1206105
1206157
1206208
1206239
1206242
1206330
1206360
1206376
1206405
1206411
1206448
1206450
1206462
1206471
1206486
1206502
1206505
1206508
1206581
1206589
1206590
1206600
1206616
1206626
1206661
1206668
1206698
1206708
1206717
1206725
1206730
1206796
1206837
1206838
1206839
1206866
1206869
1206870
1206959
1206993
1207014
1207022
1207055
1207056
1207065
1207142
1207143
1207185
1207204
1207245
1207293
1207329
1207345
1207356
1207369
1207372
1207399
1207403
1207411
1207445
1207465
1207470
1207496
1207504
1207574
1207580
1207584
1207589
1207597
1207617
1207656
1207672
1207680
1207693
1207718
1207732
1207752
1207796
1207802
1207805
1207806
1207816
1207858
1207864
1207910
1208077
1208139
1208150
1208184
1208187
1208217
1208288
1208313
1208314
1208355
1208373
1208378
1208404
1208420
1208445
1208451
1208519
1208521
1208532
1208561
1208607
1208640
1208642
1208689
1208705
1208798
1208810
1208831
1208843
1208847
1208878
1208893
1208908
1208924
1208930
1208949
1208950
1208985
1208997
1209047
1209108
1209187
1209200
1209204
1209209
1209242
1209300
1209305
1209306
1209313
1209324
1209337
1209383
1209385
1209401
1209494
1209540
1209604
1209668
1209686
1209696
1209751
1209766
1209791
1209794
1209816
1209858
1209887
1209895
1209922
1209923
1209987
1210005
1210030
1210032
1210084
1210099
1210137
1210167
1210171
1210187
1210193
1210229
1210231
1210252
1210281
1210340
1210343
1210379
1210428
1210509
1210537
1210597
1210598
1210600
1210601
1210636
1210660
1210682
1210703
1210706
1210762
1210773
1210814
1210816
1210844
1210900
1210916
1210953
1210968
1211013
1211035
1211036
1211056
1211060
1211071
1211092
1211124
1211151
1211247
1211262
1211319
1211348
1211360
1211363
1211364
1211387
1211395
1211424
1211479
1211504
1211506
1211523
1211567
1211579
1211584
1211587
1211607
1211613
1211644
1211645
1211647
1211649
1211757
1211777
1211787
1211854
1211858
1211905
1211931
1211967
1211976
1212029
1212044
1212049
1212062
1212065
1212081
1212105
1212113
1212169
1212177
1212230
1212276
1212287
1212338
1212372
1212408
1212431
1212484
1212496
1212498
1212552
1212627
1212686
1212689
1212697
1212728
1212831
1212856
1212872
1212894
1212904
1213038
1213048
1213095
1213105
1213109
1213141
1213202
1213244
1213273
1213311
1213374
1213415
1213417
1213430
1213460
1213476
1213488
1213499
1213534
1213536
1213545
1213556
1213565
1213585
1213603
1213604
1213632
1213644
1213670
1213672
1213675
1213727
1213749
1213827
1213860
1213884
1213934
1213949
1213973
1213988
1214085
1214147
1214178
1214189
1214225
1214226
1214246
1214255
1214275
1214294
1214367
1214444
1214447
1214448
1214452
1214453
1214460
1214480
1214483
1214543
1214552
1214596
1214601
1214663
1214679
1214685
1214722
1214723
1214772
1214775
1214782
1214801
1214845
1214875
1214946
1215116
1215169
1215185
1215254
1215305
1215353
1215379
1215426
1215474
1215489
1215492
1215499
1215511
1215553
1215562
1215563
1215570
1215586
1215592
1215616
1215684
1215727
1215743
1215766
1215768
1215775
1215825
1215835
1215872
1215875
1215896
1215913
1215914
1215946
1215963
1215965
1216005
1216006
1216061
1216094
1216125
1216178
1216192
1216195
1216203
1216216
1216256
1216268
1216278
1216292
1216316
1216358
1216386
1216391
1216392
1216418
1216447
1216479
1216495
1216546
1216589
1216621
1216639
1216656
1216658
1216663
1216689
1216694
1216708
1216774
1216779
1216846
1216853
1216859
1216870
1216889
1216892
1216905
1216943
1216945
1216946
1216949
1216957
1216977
1217051
1217092
1217105
1217107
1217147
1217149
1217152
1217196
1217205
1217206
1217214
1217219
1217220
1217232
1217245
1217259
1217341
1217347
1217363
1217463
1217529
1217550
1217572
1217574
1217582
1217588
1217614
1217626
1217676
1217679
1217694
1217710
1217738
1217757
1217768
1217784
1217799
1217801
1217802
1217811
1217831
1217880
1217921
1217940
1217957
1218022
1218026
1218029
1218034
1218064
1218075
1218076
1218098
1218099
1218107
1218141
1218184
1218229
1218256
1218266
1218268
1218314
1218340
1218353
1218388
1218442
1218455
1218456
1218459
1218465
1218485
1218505
1218511
1218524
1218567
1218603
1218635
1218638
1218678
1218707
1218741
1218792
1218797
1218819
1218826
1218855
1218910
1218915
1218973
1219032
1219036
1219041
1219073
1219094
1219099
1219158
1219163
1219165
1219172
1219265
1219292
1219294
1219297
1219331
1219372
1219381
1219389
1219421
1219465
1219468
1219470
1219484
1219495
1219510
1219523
1219586
1219645
1219669
1219704
1219728
1219736
1219747
1219769
1219786
1219787
1219806
1219811
1219854
1219862
1219886
1219899
1219912
1219924
1219938
1219967
1220022
1220059
1220073
1220144
1220166
1220171
1220173
1220191
1220202
1220214
1220230
1220250
1220295
1220339
1220361
1220375
1220380
1220421
1220430
1220449
1220450
1220457
1220496
1220531
1220543
1220564
1220577
1220583
1220596
1220717
1220761
1220768
1220773
1220851
1220860
1220867
1220931
1221015
1221017
1221037
1221064
1221068
1221099
1221123
1221144
1221147
1221151
1221153
1221155
1221167
1221201
1221213
1221241
1221257
1221283
1221301
1221304
1221328
1221357
1221394
1221418
1221431
1221450
1221456
1221475
1221477
1221511
1221518
1221565
1221658
1221728
1221764
1221812
1221858
1221867
1221881
1221909
1221913
1221920
1221925
1221930
1221947
1222005
1222023
1222045
1222062
1222073
1222075
1222114
1222183
1222242
1222268
1222297
1222304
1222323
1222398
1222451
1222481
1222507
1222521
1222547
1222558
1222569
1222608
1222618
1222640
1222664
1222741
1222755
1222757
1222785
1222789
1222825
1222827
1222833
1222836
1222842
1222887
1222909
1222986
1223024
1223028
1223041
1223068
1223095
1223098
1223142
1223185
1223201
1223252
1223253
1223270
1223298
1223343
1223362
1223370
1223387
1223397
1223444
1223448
1223456
1223470
1223534
1223557
1223581
1223593
1223606
1223628
1223651
1223696
1223722
1223734
1223762
1223788
1223800
1223825
1223839
1223848
1223856
1223862
1223914
1223925
1223926
1223994
1224001
1224029
1224046
1224063
1224089
1224130
1224150
1224153
1224170
1224176
1224210
1224231
1224240
1224245
1224264
1224272
1224279
1224290
1224292
1224328
1224347
1224357
1224380
1224406
1224438
1224484
1224496
1224506
1224535
1224537
1224538
1224550
1224561
1224572
1224590
1224634
1224662
1224665
1224672
1224688
1224696
1224722
1224731
1224799
1224806
1224819
1224851
1224853
1224906
1224914
1224918
1224954
1224970
1224975
1225001
1225083
1225086
1225148
1225152
1225188
1225209
1225220
1225243
1225278
1225282
1225327
1225348
1225392
1225394
1225401
1225407
1225415
1225416
1225438
1225473
1225504
1225513
1225529
1225686
1225719
1225731
1225740
1225759
1225761
1225772
1225773
1225817
1225846
1225873
1225896
1225909
1225914
1225926
1225927
1225947
1225970
1226007
1226008
1226064
1226097
1226139
1226156
1226167
1226193
1226271
1226273
1226285
1226328
1226350
1226352
1226366
1226386
1226406
1226446
1226453
1226470
1226471
1226477
1226508
1226540
1226543
1226548
1226549
1226574
1226592
1226597
1226598
1226633
1226661
1226690
1226708
1226749
1226778
1226809
1226907
1226920
1226925
1226959
1226972
1226998
1227016
1227057
1227060
1227115
1227142
1227229
1227265
1227289
1227301
1227332
1227347
1227370
1227379
1227400
1227418
1227519
1227530
1227562
1227586
1227600
1227686
1227717
1227744
1227808
1227821
1227825
1227832
1227866
1227884
1227887
1227896
1227898
1227911
1227943
1227959
1227976
1227980
1227998
1228004
1228038
1228050
1228101
1228137
1228139
1228184
1228199
1228210
1228221
1228244
1228272
1228278
1228306
1228327
1228373
1228418
1228458
1228472
1228553
1228590
1228615
1228640
1228644
1228725
1228728
1228737
1228772
1228802
1228811
1228859
1228863
1228895
1228944
1228948
1228964
1229087
1229113
1229119
1229133
1229169
1229170
1229203
1229216
1229271
1229313
1229316
1229362
1229371
1229431
1229472
1229514
1229530
1229553
1229558
1229570
1229648
1229656
1229681
1229682
1229715
1229744
1229797
1229798
1229809
1229827
1229841
1229857
1229930
1229942
1229945
1229961
1229972
1229974
1230043
1230096
1230139
1230151
1230168
1230184
1230197
1230215
1230249
1230255
1230259
1230276
1230281
1230301
1230331
1230368
1230402
1230561
1230579
1230591
1230610
1230613
1230629
1230635
1230696
1230705
1230709
1230710
1230718
1230724
1230763
1230770
1230779
1230807
1230810
1230840
1230850
1230859
1230866
1230875
1230934
1230966
1230987
1231118
1231164
1231182
1231204
1231219
1231235
1231285
1231287
1231340
1231346
1231348
1231384
1231410
1231413
1231425
1231453
1231470
1231532
1231610
1231621
1231637
1231712
1231719
1231739
1231776
1231813
1231886
1231895
1231910
1231911
1231944
1231985
1231994
1232000
1232056
1232063
1232157
1232160
1232192
1232205
1232221
1232305
1232341
1232362
1232370
1232389
1232402
1232430
1232500
1232531
1232547
1232554
1232558
1232625
1232715
1232720
1232772
1232833
1232842
1232855
1232875
1232877
1232886
1232956
1232961
1232968
1232982
1233004
1233037
1233058
1233059
1233088
1233174
1233208
1233265
1233288
1233365
1233405
1233412
1233426
1233446
1233452
1233458
1233477
1233518
1233525
1233537
1233582
1233605
1233616
1233635
1233662
1233690
1233692
1233707
1233745
1233752
1233760
1233775
1233777
1233781
1233808
1233868
1233873
1233887
1233889
1233903
1233915
1233924
1233931
1233944
1233962
1233964
1234027
1234085
1234186
1234194
1234240
1234257
1234294
1234457
1234480
1234499
1234502
1234524
1234534
1234539
1234544
1234550
1234615
1234619
1234629
1234632
1234636
1234640
1234642
1234700
1234701
1234711
1234746
1234775
1234821
1234830
1234880
1234912
1234932
1234955
1234956
1234994
1235010
1235026
1235039
1235109
1235129
1235142
1235193
1235208
1235225
1235254
1235286
1235294
1235303
1235393
1235394
1235500
1235540
1235577
1235581
1235597
1235608
1235615
1235620
1235624
1235685
1235705
1235709
1235711
1235737
1235738
1235791
1235809
1235814
1235820
1235827
1235840
1235872
1235969
1235985
1236070
1236126
1236136
1236142
1236148
1236149
1236151
1236153
1236179
1236187
1236212
1236229
1236294
1236312
1236343
1236357
1236379
1236392
1236403
1236439
1236451
1236463
1236465
1236494
1236528
1236554
1236574
1236585
1236705
1236726
1236748
1236749
1236792
1236876
1236899
1236908
1236968
1236996
1237048
1237070
1237082
1237084
1237148
1237201
1237215
1237275
1237335
1237377
1237388
1237394
1237427
1237444
1237459
1237533
1237610
1237620
1237622
1237635
1237648
1237650
1237696
1237773
1237775
1237794
1237844
1237852
1237859
1237905
1237934
1237982
1238021
1238023
1238065
1238086
1238112
1238123
1238128
1238131
1238183
1238211
1238222
1238258
1238407
1238413
1238472
1238478
1238479
1238482
1238552
1238562
1238569
1238657
1238674
1238685
1238707
1238754
1238759
1238766
1238825
1238840
1238903
1238910
1238948
1238950
1238972
1239005
1239077
1239079
1239081
1239104
1239130
1239195
1239227
1239284
1239286
1239313
1239326
1239355
1239386
1239388
1239391
1239411
1239422
1239428
1239443
1239460
1239468
1239480
1239508
1239511
1239514
1239521
1239540
1239594
1239601
1239619
1239628
1239638
1239657
1239732
1239742
1239774
1239800
1239803
1239819
1239823
1239833
1239844
1239847
1239868
1239887
1239945
1239962
1240043
1240139
1240141
1240146
1240160
1240164
1240166
1240211
1240223
1240234
1240248
1240272
1240313
1240334
1240335
1240367
1240369
1240375
1240377
1240387
1240413
1240429
1240456
1240463
1240468
1240488
1240490
1240586
1240590
1240595
1240605
1240645
1240667
1240684
1240687
1240697
1240722
1240753
1240792
1240796
1240814
1240846
1240943
1240961
1241013
1241069
1241108
1241189
1241232
1241284
1241286
1241312
1241360
1241361
1241380
1241397
1241404
1241426
1241507
1241518
1241520
1241528
1241536
1241551
1241578
1241627
1241658
1241670
1241699
1241748
1241763
1241790
1241792
1241804
1241818
1241873
1241956
1241986
1242023
1242065
1242067
1242074
1242078
1242153
1242161
1242172
1242173
1242192
1242203
1242211
1242254
1242260
1242307
1242319
1242330
1242333
1242390
1242391
1242425
1242449
1242450
1242455
1242468
1242505
1242539
1242564
1242613
1242639
1242672
1242701
1242823
1242830
1242831
1242893
1242941
1242948
1242953
1242960
1243091
1243109
1243137
1243173
1243184
1243221
1243273
1243312
1243327
1243333
1243341
1243378
1243405
1243412
1243415
1243430
1243438
1243482
1243516
1243527
1243545
1243549
1243568
1243601
1243608
1243619
1243650
1243670
1243679
1243736
1243755
1243776
1243800
1243819
1243839
1243857
1243880
1243893
1243925
1243931
1243992
1244034
1244079
1244104
1244107
1244133
1244146
1244160
1244167
1244229
1244244
1244248
1244255
1244261
1244289
1244308
1244312
1244387
1244390
1244394
1244401
1244455
1244535
1244546
1244557
1244668
1244678
1244680
1244732
1244739
1244750
1244844
1244871
1244874
1244896
1244937
1244966
1245013
1245014
1245040
1245063
1245086
1245101
1245111
1245112
1245136
1245142
1245213
1245232
1245234
1245264
1245327
1245340
1245355
1245367
1245375
1245431
1245437
1245450
1245481
1245503
1245516
1245523
1245542
1245590
1245623
1245751
1245752
1245802
1245840
1245847
1245871
1245923
1246011
1246075
1246083
1246086
1246094
1246158
1246208
1246216
1246233
1246239
1246257
1246262
1246311
1246322
1246373
1246390
1246406
1246494
1246510
1246527
1246555
1246559
1246599
1246609
1246640
1246658
1246682
1246686
1246736
1246742
1246774
1246786
1246841
1246916
1246929
1246937
1246965
1246971
1247036
1247060
1247062
1247086
1247172
1247205
1247211
1247254
1247279
1247335
1247355
1247357
1247383
1247510
1247525
1247535
1247551
1247554
1247603
1247615
1247620
1247624
1247701
1247716
1247719
1247735
1247793
1247798
1247810
1247851
1247888
1247890
1247940
1247995
1248031
1248047
1248070
1248084
1248122
1248127
1248143
1248214
1248258
1248274
1248311
1248330
1248343
1248366
1248367
1248415
1248473
1248480
1248486
1248544
1248553
1248574
1248584
1248596
1248600
1248613
1248634
1248679
1248694
1248698
1248752
1248765
1248798
1248810
1248820
1248860
1248867
1248954
1248974
1248999
1249007
1249019
1249022
1249045
1249250
1249262
1249300
1249363
1249423
1249447
1249466
1249472
1249549
1249596
1249611
1249654
1249673
1249676
1249680
1249685
1249714
1249722
1249731
1249753
1249764
1249769
1249778
1249811
1249819
1249838
1249841
1249879
1249951
1249977
1250017
1250034
1250091
1250120
1250140
1250176
1250197
1250291
1250345
1250371
1250385
1250400
1250405
1250418
1250479
1250496
1250502
1250642
1250658
1250714
1250775
1250787
1250809
1250881
1250913
1250922
1250932
1250992
1251035
1251057
1251096
1251101
1251158
1251199
1251211
1251218
1251297
1251303
1251319
1251329
1251334
1251338
1251419
1251445
1251465
1251473
1251485
1251550
1251588
1251611
1251617
1251618
1251625
1251629
1251634
1251635
1251736
1251748
1251754
1251767
1251792
1251794
1251797
1251820
1251821
1251862
1251899
1251922
1251932
1251951
1251959
1251971
1252011
1252028
1252050
1252074
1252097
1252107
1252130
1252150
1252159
1252218
1252243
1252255
1252257
1252265
1252273
1252288
1252367
1252388
1252507
1252524
1252549
1252553
1252557
1252576
1252600
1252609
1252612
1252654
1252667
1252722
1252745
1252781
1252782
1252809
1252844
1252884
1252892
1252894
1252971
1252999
1253007
1253016
1253065
1253099
1253122
1253139
1253141
1253151
1253196
1253288
1253298
1253312
1253340
1253349
1253361
1253375
1253386
1253451
1253467
1253480
1253481
1253499
1253527
1253534
1253556
1253562
1253582
1253583
1253646
1253650
1253651
1253720
1253724
1253728
1253734
1253806
1253820
1253833
1253835
1253853
1253885
1253898
1253910
1253929
1253942
1254030
1254061
1254085
1254110
1254186
1254191
1254262
1254312
1254338
1254371
1254384
1254396
1254412
1254414
1254443
1254491
1254495
1254496
1254512
1254546
1254582
1254599
1254652
1254655
1254687
1254690
1254726
1254728
1254741
1254759
1254778
1254781
1254791
1254835
1254837
1254850
1254871
1254943
1254952
1254979
1255011
1255052
1255053
1255065
1255091
1255096
1255168
1255197
1255267
1255288
1255298
1255310
1255313
1255314
1255317
1255333
1255344
1255346
1255366
1255402
1255436
1255444
1255447
1255451
1255467
1255502
1255522
1255523
1255563
1255566
1255601
1255605
1255624
1255675
1255697
1255809
1255833
1255834
1255837
1255852
1255856
1255909
1255930
1255933
1255977
1255998
1256006
1256029
1256108
1256121
1256154
1256158
1256163
1256219
1256234
1256273
1256275
1256321
1256340
1256356
1256383
1256399
1256410
1256435
1256439
1256443
1256491
1256498
1256537
1256544
1256565
1256597
1256609
1256687
1256733
1256760
1256785
1256795
1256812
1256814
1256859
1256896
1256903
1256908
1256950
1256979
1256980
1257001
1257007
1257019
1257021
1257054
1257077
1257136
1257191
1257209
1257229
1257302
1257346
1257393
1257434
1257442
1257455
1257459
1257485
1257542
1257680
1257746
1257805
1257848
1257867
1257931
1257949
1257962
1257968
1257971
1257995
1258023
1258048
1258050
1258062
1258069
1258147
1258150
1258156
1258275
1258293
1258308
1258392
1258412
1258422
1258460
1258470
1258494
1258520
1258531
1258676
1258800
1258819
1258834
1258858
1258866
1258873
1258895
1258955
1258970
1259001
1259002
1259017
1259024
1259032
1259038
1259049
1259069
1259131
1259152
1259162
1259174
1259184
1259187
1259198
1259253
1259257
1259267
1259299
1259303
1259323
1259328
1259354
1259362
1259412
1259438
1259440
1259449
1259457
1259459
1259461
1259474
1259488
1259502
1259505
1259529
1259537
1259549
1259584
1259640
1259657
1259687
1259718
1259730
1259731
1259734
1259759
1259817
1259912
1259936
1259937
1259943
1260005
1260040
1260052
1260081
1260158
1260185
1260209
1260228
1260257
1260262
1260299
1260305
1260308
1260332
1260433
1260450
1260452
1260455
1260484
1260485
1260490
1260510
1260516
1260532
1260569
1260598
1260599
1260635
1260644
1260647
1260665
1260692
1260713
1260727
1260744
1260758
1260759
1260795
1260855
1260861
1260866
1260889
1260899
1260921
1260939
1260971
1261015
1261079
1261087
1261104
1261118
1261225
1261234
1261236
1261242
1261246
1261251
1261252
1261278
1261290
1261304
1261312
1261328
1261334
1261352
1261403
1261413
1262452
1262490
1262494
1262519
1262528
1262530
1262539
1262585
1262589
1262605
1262685
1262690
1262703
1262753
1262771
1262773
1262815
1262821
1262823
1262832
1262867
1262870
1262922
1262991
1262995
1263004
1263046
1263058
1263070
1263120
1263123
1263124
1263143
1263162
1263184
1263193
1263214
1263217
1263225
1263264
1263272
1263275
1263320
1263323
1263338
1263454
1263467
1263492
1263554
1263568
1263580
1263581
1263662
1263671
1263676
1263751
1263805
1263837
1263881
1263910
1263925
1263935
1263940
1263944
1263946
1263953
1263961
1264038
1264105
1264110
1264113
1264168
1264183
1264204
1264219
1264249
1264271
1264277
1264280
1264285
1264290
1264292
1264295
1264309
1264320
1264355
1264388
1264408
1264431
1264435
1264470
1264494
1264495
1264516
1264522
1264526
1264603
1264676
1264692
1264744
1264749
1264753
1264755
1264803
1264845
1264861
1264894
1264934
1265011
1265043
1265044
1265128
1265144
1265200
1265212
1265216
1265221
1265236
1265237
1265259
1265282
1265300
1265339
1265357
1265368
1265378
1265389
1265416
1265446
1265455
1265480
1265490
1265496
1265498
1265504
1265515
1265541
1265610
1265612
1265614
1265633
1265667
1265669
1265698
1265704
1265720
1265767
1265785
1265794
1265827
1265836
1265858
1265875
1265914
1265946
1265973
1266007
1266047
1266085
1266129
1266186
1266202
1266207
1266235
1266241
1266251
1266289
1266392
1266428
1266435
1266476
1266484
1266489
1266515
1266521
1266536
1266546
1266564
1266566
1266593
1266596
1266626
1266650
1266664
1266675
1266696
1266711
1266722
1266756
1266820
1266856
1266911
1266943
1266967
1266979
1267010
1267014
1267088
1267090
1267135
1267205
1267234
1267258
1267267
1267310
1267323
1267409
1267442
1267481
1267534
1267602
1267616
1267699
1267701
1267709
1267716
1267718
1267766
1267795
1267846
1267864
1267919
1267921
1267945
1267947
1267958
1267969
1268014
1268038
1268055
1268168
1268192
1268245
1268300
1268326
1268362
1268447
1268518
1268548
1268559
1268564
1268568
1268603
1268610
1268622
1268641
1268734
1268737
1268752
1268791
1268842
1268867
1268903
1268972
1268974
1269052
1269074
1269080
1269099
1269100
1269187
1269224
1269255
1269266
1269396
1269399
1269417
1269452
1269454
1269463
1269492
1269513
1269517
1269524
1269539
1269552
1269584
1269593
1269621
1269661
1269685
1269712
1269741
1269768
1269775
1269799
1269805
1269823
1269832
1269851
1269857
1269893
1269897
1269945
1269954
1269958
1270004
1270028
1270043
1270071
1270075
1270078
1270079
1270081
1270098
1270125
1270161
1270229
1270324
1270325
1270390
1270396
1270398
1270408
1270433
1270466
1270467
1270491
1270545
1270569
1270589
1270625
1270688
1270692
1270728
1270734
1270745
1270759
1270776
1270781
1270782
1270874
1270990
1271004
1271010
1271017
1271031
1271054
1271078
1271090
1271123
1271174
1271217
1271224
1271294
1271321
1271402
1271431
1271452
1271473
1271515
1271645
1271677
1271720
1271758
1271807
1271814
1271838
1271846
1271855
1271858
1271918
1271947
1271951
1271969
1271973
1271993
1272003
1272014
1272026
1272050
1272051
1272074
1272096
1272111
1272113
1272123
1272150
1272168
1272181
1272280
1272282
1272311
1272323
1272325
1272331
1272333
1272361
1272394
1272413
1272431
1272438
1272449
1272470
1272473
1272522
1272542
1272587
1272593
1272656
1272665
1272670
1272677
1272689
1272703
1272714
1272735
1272756
1272794
1272833
1272848
1272851
1272891
1272945
1272976
1272998
1273060
1273087
1273088
1273097
1273123
1273137
1273194
1273232
1273245
1273310
1273332
1273334
1273397
1273446
1273477
1273500
1273503
1273507
1273510
1273519
1273539
1273541
1273556
1273586
1273627
1273651
1273708
1273738
1273766
1273787
1273790
1273800
1273827
1273836
1273882
1273892
1273944
1273953
1273954
1273961
1274052
1274071
1274074
1274107
1274110
1274111
1274128
1274129
1274151
1274154
1274155
1274191
1274198
1274213
1274218
1274303
1274310
1274370
1274422
1274424
1274433
1274442
1274489
1274492
1274497
1274515
1274523
1274557
1274589
1274612
1274613
1274625
1274628
1274691
1274724
1274803
1274812
1274815
1274858
1274864
1274921
1274935
1274961
1274986
1275001
1275004
1275008
1275022
1275033
1275059
1275070
1275084
1275244
1275288
1275289
1275303
1275377
1275383
1275394
1275416
1275484
1275506
1275508
1275574
1275604
1275669
1275743
1275751
1275752
1275760
1275802
1275827
1275836
1275853
1275886
1275892
1275905
1275919
1275925
1275941
1275959
1276145
1276200
1276230
1276258
1276273
1276301
1276315
1276323
1276336
1276343
1276351
1276376
1276385
1276404
1276423
1276498
1276527
1276553
1276564
1276581
1276599
1276620
1276651
1276656
1276660
1276707
1276719
1276769
1276772
1276783
1276833
1276841
1276878
1276939
1276961
1277000
1277008
1277047
1277109
1277118
1277141
1277144
1277147
1277166
1277201
1277211
1277277
1277336
1277340
1277362
1277369
1277415
1277417
1277425
1277477
1277481
1277551
1277612
1277663
1277670
1277692
1277699
1277709
1277758
1277762
1277791
1277795
1277830
1277835
1277867
1277906
1277909
1278011
1278074
1278083
1278102
1278134
1278180
1278192
1278337
1278357
1278442
1278452
1278481
1278484
1278533
1278594
1278626
1278635
1278668
1278710
1278718
1278727
1278813
1278830
1278839
1278876
1278908
1279013
1279144
1279165
1279171
1279223
1279244
1279259
1279261
1279264
1279275
1279279
1279313
1279412
1279483
1279499
1279531
1279534
1279536
1279576
1279625
1279661
1279674
1279693
1279712
1279731
1279783
1279848
1279855
1279866
1279889
1279918
1279920
1279939
1279957
1279998
1280004
1280008
1280009
1280029
1280034
1280046
1280129
1280134
1280141
1280220
1280228
1280238
1280251
1280289
1280362
1280377
1280386
1280425
1280442
1280505
1280526
1280536
1280543
1280557
1280569
1280577
1280582
1280650
1280654
1280679
1280714
1280784
1280814
1280838
1280911
1280928
1280966
1280971
1280985
1280992
1281099
1281136
1281137
1281138
1281149
1281155
1281159
1281177
1281194
1281196
1281230
1281234
1281253
1281259
1281270
1281287
1281309
1281319
1281332
1281350
1281409
1281429
1281430
1281492
1281500
1281511
1281517
1281521
1281525
1281555
1281604
1281608
1281673
1281734
1281757
1281761
1281777
1281800
1281820
1281865
1281875
1281919
1281955
1281983
1282016
1282065
1282085
1282116
1282192
1282193
1282203
1282240
1282269
1282293
1282336
1282351
1282358
1282405
1282442
1282467
1282497
1282504
1282548
1282557
1282562
1282565
1282582
1282608
1282634
1282648
1282653
1282722
1282740
1282754
1282790
1282797
1282809
1282816
1282826
1282856
1282897
1282946
1282953
1282956
1282963
1282968
1282992
1282994
1283004
1283009
1283010
1283026
1283071
1283078
1283090
1283112
1283144
1283155
1283158
1283176
1283265
1283315
1283316
1283370
1283402
1283404
1283446
1283476
1283496
1283563
1283605
1283618
1283627
1283631
1283638
1283648
1283719
1283755
1283805
1283821
1283871
1283877
1283914
1283960
1283965
1284003
1284024
1284029
1284050
1284055
1284073
1284080
1284082
1284083
1284110
1284139
1284185
1284324
1284337
1284342
1284362
1284364
1284375
1284395
1284414
1284448
1284460
1284478
1284492
1284529
1284605
1284617
1284693
1284699
1284721
1284745
1284751
1284775
1284782
1284813
1284875
1284887
1284916
1284974
1285025
1285055
1285076
1285100
1285103
1285126
1285146
1285159
1285170
1285252
1285263
1285321
1285322
1285328
1285338
1285354
1285382
1285414
1285417
1285446
1285452
1285463
1285470
1285482
1285511
1285559
1285651
1285656
1285662
1285688
1285715
1285731
1285746
1285773
1285788
1285821
1285834
1285854
1285857
1285880
1285907
1285925
1285930
1285974
1285976
1285982
1285986
1286031
1286142
1286145
1286151
1286174
1286204
1286237
1286251
1286258
1286290
1286293
1286295
1286379
1286397
1286415
1286423
1286460
1286468
1286480
1286505
1286527
1286565
1286594
1286609
1286610
1286614
1286644
1286677
1286684
1286686
1286743
1286794
1286795
1286818
1286854
1286908
1286926
1286978
1286980
1287006
1287012
1287018
1287039
1287048
1287051
1287052
1287063
1287075
1287081
1287102
1287138
1287152
1287154
1287155
1287157
1287177
1287210
1287258
1287286
1287291
1287300
1287302
1287322
1287347
1287425
1287450
1287456
1287508
1287635
1287640
1287644
1287650
1287671
1287691
1287719
1287731
1287749
1287769
1287791
1287877
1287882
1287889
1287908
1287925
1287947
1287973
1287990
1287997
1288086
1288116
1288143
1288171
1288196
1288236
1288260
1288286
1288300
1288330
1288357
1288358
1288395
1288413
1288432
1288451
1288452
1288455
1288462
1288529
1288602
1288604
1288670
1288682
1288735
1288741
1288751
1288879
1288959
1288971
1288988
1289057
1289059
1289063
1289103
1289123
1289153
1289176
1289187
1289211
1289233
1289261
1289292
1289297
1289299
1289318
1289372
1289433
1289446
1289470
1289509
1289546
1289553
1289563
1289571
1289588
1291658
1291659
1291811
1291823
1291824
1291846
1291896
1291903
1291909
1291924
1291992
1292110
1292131
1292183
1292225
1292226
1292260
1292269
1292333
1292358
1292368
1292377
1292379
1292386
1292391
1292501
1292510
1292523
1292546
1292612
1292619
1292640
1292657
1292660
1292674
1292753
1292764
1292774
1292806
1292832
1292869
1292906
1292937
1292969
1292989
1293058
1293060
1293062
1293078
1293104
1293148
1293155
1293193
1293206
1293231
1293233
1293243
1293247
1293256
1293279
1293286
1293288
1293369
1293396
1293413
1293415
1293422
1293455
1293468
1293489
1293499
1293505
1293509
1293534
1293536
1293588
1293596
1293622
1293626
1293637
1293695
1293696
1293697
1293741
1293756
1293757
1293766
1293779
1293785
1293788
1293810
1293826
1293828
1293886
1293967
1293980
1293986
1293992
1294000
1294002
1294053
1294095
1294132
1294141
1294222
1294277
1294285
1294305
1294328
1294349
1294390
1294408
1294414
1294426
1294469
1294485
1294518
1294523
1294527
1294534
1294598
1294635
1294666
1294724
1294733
1294775
1294813
1294827
1294831
1294835
1294885
1294901
1294932
1294986
1295047
1295060
1295107
1295112
1295151
1295217
1295249
1295262
1295270
1295311
1295314
1295349
1295382
1295402
1295418
1295438
1295441
1295485
1295511
1295604
1295609
1295620
1295662
1295708
1295715
1295726
1295741
1295760
1295769
1295773
1295823
1295894
1295913
1295923
1295943
1295954
1295965
1295974
1295981
1295997
1296031
1296110
1296136
1296200
1296212
1296222
1296259
1296261
1296262
1296289
1296297
1296313
1296359
1296362
1296402
1296410
1296414
1296495
1296508
1296568
1296582
1296594
1296623
1296632
1296642
1296644
1296686
1296752
1296765
1296766
1296774
1296790
1296795
1296814
1296860
1296877
1296881
1296903
1296910
1296930
1296947
1296953
1296974
1297027
1297041
1297053
1297085
1297146
1297173
1297205
1297210
1297226
1297231
1297249
1297290
1297304
1297305
1297311
1297315
1297332
1297341
1297344
1297387
1297396
1297463
1297475
1297501
1297510
1297520
1297525
1297560
1297620
1297644
1297729
1297747
1297761
1297766
1297776
1297798
1297805
1297818
1297824
1297848
1297855
1297856
1297865
1297927
1297934
1297961
1297962
1297963
1297988
1298036
1298042
1298048
1298053
1298063
1298076
1298103
1298124
1298126
1298135
1298138
1298159
1298178
1298216
1298244
1298291
1298332
1298359
1298380
1298395
1298407
1298433
1298470
1298662
1298664
1298773
1298829
1298877
1298906
1298913
1299006
1299008
1299009
1299023
1299057
1299072
1299086
1299127
1299138
1299156
1299201
1299258
1299393
1299465
1299479
1299490
1299493
1299494
1299523
1299560
1299573
1299626
1299645
1299678
1299686
1299715
1299725
1299747
1299830
1299838
1299840
1299852
1299891
1299987
1300034
1300044
1300070
1300115
1300119
1300121
1300189
1300221
1300236
1300278
1300324
1300331
1300339
1300355
1300426
1300483
1300484
1300498
1300520
1300559
1300585
1300595
1300636
1300657
1300681
1300717
1300751
1300761
1300772
1300881
1300929
1300947
1300987
1301024
1301026
1301028
1301044
1301090
1301091
1301119
1301125
1301157
1301213
1301216
1301235
1301271
1301287
1301298
1301302
1301313
1301321
1301343
1301379
1301398
1301409
1301435
1301450
1301465
1301531
1301559
1301619
1301620
1301670
1301691
1301694
1301713
1301718
1301726
1301728
1301793
1301806
1301808
1301918
1301943
1301985
1302003
1302068
1302073
1302086
1302111
1302113
1302130
1302154
1302181
1302197
1302227
1302240
1302249
1302254
1302255
1302365
1302378
1302384
1302394
1302416
1302420
1302423
1302441
1302476
1302477
1302513
1302527
1302580
1302613
1302623
1302624
1302641
1302651
1302668
1302695
1302729
1302743
1302780
1302789
1302850
1302912
1302938
1302942
1302982
1303153
1303164
1303207
1303216
1303236
1303285
1303331
1303352
1303379
1303390
1303405
1303406
1303418
1303450
1303467
1303483
1303505
1303551
1303613
1303656
1303659
1303686
1303712
1303800
1303805
1303814
1303852
1303858
1303886
1303901
1303952
1303967
1303982
1304012
1304142
1304155
1304160
1304174
1304191
1304194
1304218
1304233
1304249
1304289
1304304
1304319
1304335
1304367
1304372
1304381
1304396
1304397
1304474
1304481
1304499
1304534
1304545
1304583
1304599
1304633
1304653
1304659
1304668
1304697
1304750
1304816
1304855
1304922
1304948
1304986
1304992
1305017
1305038
1305069
1305092
1305119
1305125
1305131
1305196
1305209
1305223
1305277
1305291
1305313
1305326
1305467
1305483
1305491
1305503
1305522
1305538
1305546
1305548
1305581
1305582
1305640
1305676
1305764
1305774
1305814
1305837
1305847
1305854
1305859
1305877
1305919
1305968
1306029
1306040
1306043
1306078
1306083
1306102
1306121
1306124
1306141
1306144
1306199
1306255
1306321
1306322
1306325
1306332
1306354
1306373
1306391
1306417
1306437
1306466
1306475
1306482
1306518
1306531
1306546
1306603
1306649
1306676
1306680
1306693
1306757
1306808
1306820
1306826
1306828
1306829
1306844
1306851
1306978
1306994
1306998
1307010
1307011
1307088
1307098
1307106
1307107
1307156
1307220
1307230
1307236
1307238
1307244
1307285
1307286
1307311
1307355
1307381
1307435
1307490
1307515
1307549
1307611
1307636
1307640
1307658
1307668
1307689
1307690
1307719
1307754
1307768
1307785
1307797
1307858
1307868
1307870
1307901
1307921
1307943
1307960
1307998
1308048
1308079
1308137
1308197
1308218
1308222
1308230
1308248
1308273
1308301
1308310
1308319
1308338
1308346
1308365
1308393
1308478
1308510
1308525
1308544
1308556
1308561
1308569
1308612
1308637
1308651
1308689
1308723
1308757
1308765
1308766
1308813
1308820
1308856
1308934
1308986
1309029
1309030
1309041
1309042
1309054
1309072
1309097
1309114
1309140
1309152
1309155
1309167
1309169
1309173
1309176
1309191
1309296
1309326
1309377
1309409
1309410
1309424
1309449
1309459
1309481
1309486
1309524
1309591
1309601
1309607
1309623
1309625
1309635
1309639
1309715
1309720
1309763
1309786
1309793
1309795
1309816
1309832
1309836
1309861
1309865
1309877
1309878
1309900
1309917
1309921
1312026
1312027
1312079
1312092
1312097
1312103
1312111
1312120
1312142
1312187
1312248
1312301
1312372
1312377
1312410
1312412
1312425
1312497
1312539
1312543
1312586
1312648
1312653
1312661
1312662
1312663
1312691
1312708
1312718
1312719
1312720
1312736
1312829
1312830
1312841
1312867
1312873
1312879
1312898
1312922
1312933
1312940
1312987
1313001
1313003
1313006
1313010
1313011
1313015
1313035
1313049
1313053
1313060
1313112
1313128
1313155
1313164
1313191
1313221
1313248
1313249
1313262
1313286
1313330
1313372
1313376
1313385
1313420
1313528
1313539
1313572
1313575
1313578
1313579
1313589
1313601
1313631
1313647
1313678
1313693
1313696
1313738
1313770
1313792
1313803
1313884
1313927
1313938
1313941
1313945
1313972
1313974
1313984
1313990
1313994
1314012
1314027
1314033
1314040
1314063
1314070
1314110
1314119
1314122
1314124
1314151
1314161
1314220
1314311
1314316
1314341
1314342
1314360
1314380
1314416
1314425
1314454
1314476
1314501
1314505
1314521
1314581
1314589
1314596
1314624
1314634
1314692
1314722
1314734
1314777
1314803
1314812
1314839
1314934
1314982
1315070
1315074
1315145
1315220
1315222
1315238
1315243
1315276
1315287
1315314
1315336
1315386
1315419
1315489
1315493
1315503
1315515
1315527
1315555
1315564
1315678
1315774
1315794
1315818
1315824
1315924
1315925
1315935
1315943
1315970
1316009
1316038
1316039
1316040
1316058
1316070
1316106
1316130
1316135
1316165
1316174
1316210
1316238
1316243
1316255
1316289
1316307
1316366
1316374
1316439
1316453
1316454
1316464
1316511
1316521
1316523
1316561
1316576
1316599
1316629
1316666
1316670
1316715
1316730
1316751
1316792
1316799
1316802
1316814
1316903
1316924
1316984
1316988
1316996
1317044
1317082
1317106
1317136
1317140
1317154
1317177
1317181
1317253
1317254
1317259
1317290
1317298
1317301
1317309
1317310
1317324
1317353
1317362
1317392
1317412
1317423
1317426
1317458
1317506
1317558
1317566
1317581
1317598
1317619
1317634
1317656
1317681
1317703
1317706
1317739
1317767
1317864
1317873
1317947
1317987
1317991
1318033
1318077
1318082
1318084
1318090
1318100
1318101
1318115
1318116
1318141
1318189
1318238
1318243
1318261
1318281
1318303
1318336
1318427
1318438
1318452
1318454
1318480
1318518
1318524
1318533
1318555
1318587
1318589
1318614
1318620
1318650
1318665
1318680
1318716
1318719
1318734
1318739
1318796
1318861
1318867
1318962
1318970
1319003
1319027
1319061
1319066
1319073
1319175
1319197
1319227
1319247
1319281
1319294
1319295
1319308
1319371
1319407
1319451
1319481
1319531
1319543
1319544
1319553
1319588
1319667
1319734
1319745
1319776
1319819
1319851
1319913
1319945
1320034
1320068
1320073
1320074
1320123
1320131
1320133
1320204
1320221
1320256
1320261
1320264
1320276
1320281
1320287
1320301
1320323
1320408
1320426
1320440
1320448
1320469
1320493
1320495
1320558
1320568
1320595
1320600
1320613
1320679
1320688
1320724
1320812
1320899
1320915
1320916
1320950
1320995
1321007
1321051
1321062
1321069
1321088
1321154
1321201
1321225
1321226
1321242
1321271
1321338
1321383
1321398
1321446
1321463
1321510
1321514
1321517
1321535
1321550
1321553
1321570
1321608
1321616
1321620
1321635
1321694
1321702
1321744
1321753
1321794
1321797
1321801
1321837
1321858
1321884
1321903
1321905
1322003
1322005
1322014
1322093
1322098
1322107
1322143
1322225
1322269
1322271
1322277
1322288
1322306
1322326
1322381
1322400
1322425
1322427
1322461
1322483
1322507
1322557
1322579
1322589
1322622
1322624
1322633
1322636
1322644
1322646
1322649
1322657
1322662
1322685
1322692
1322699
1322725
1322734
1322744
1322763
1322779
1322786
1322819
1322863
1322865
1322932
1322969
1322997
1323032
1323099
1323100
1323102
1323104
1323117
1323154
1323167
1323202
1323208
1323213
1323233
1323266
1323272
1323285
1323294
1323305
1323306
1323310
1323335
1323347
1323407
1323463
1323476
1323477
1323509
1323510
1323535
1323541
1324572
1324590
1324598
1324623
1324634
1324640
1324641
1324642
1324650
1324665
1324668
1324677
1324722
1324735
1324737
1324752
1324768
1324823
1324826
1324839
1324954
1324978
1325055
1325089
1325100
1325134
1325144
1325154
1325175
1325190
1325192
1325198
1325200
1325229
1325260
1325327
1325335
1325337
1325383
1325388
1325446
1325467
1325505
1325513
1325526
1325552
1325622
1325676
1325704
1325706
1325809
1325843
1325848
1325921
1325959
1325970
1326104
1326141
1326279
1326330
1326334
1326338
1326466
1326550
1326565
1326572
1326577
1326591
1326592
1326630
1326653
1326687
1326748
1326779
1326804
1326840
1326908
1326922
1326967
1327117
1327154
1327188
1327198
1327215
1327249
1327281
1327337
1327349
1327367
1327369
1327394
1327399
1327415
1327451
1327453
1327497
1327512
1327531
1327564
1327584
1327589
1327624
1327642
1327662
1327728
1327777
1327788
1327803
1327826
1327839
1327872
1327894
1327915
1327930
1327946
1327947
1328002
1328004
1328032
1328044
1328048
1328064
1328093
1328142
1328171
1328176
1328188
1328220
1328232
1328238
1328242
1328266
1328342
1328388
1328399
1328415
1328458
1328490
1328526
1328573
1328582
1328604
1328613
1328618
1328619
1328652
1328686
1328687
1328690
1328736
1328756
1328776
1328815
1328822
1328830
1328833
1328837
1328855
1328908
1328910
1328977
1329007
1329026
1329040
1329054
1329069
1329078
1329106
1329115
1329126
1329135
1329168
1329175
1329254
1329313
1329363
1329409
1329426
1329428
1329504
1329543
1329606
1329625
1329677
1329683
1329731
1329740
1329750
1329876
1329882
1329883
1329889
1329894
1329904
1329912
1329914
1329968
1329972
1330051
1330089
1330094
1330103
1330123
1330151
1330154
1330184
1330218
1330240
1330268
1330335
1330350
1330383
1330403
1330413
1330417
1330430
1330446
1330449
1330534
1330592
1330615
1330619
1330627
1330636
1330708
1330715
1330726
1330760
1330764
1330767
1330775
1330817
1330839
1330898
1330899
1330967
1330975
1330980
1330995
1331079
1331124
1331160
1331168
1331202
1331220
1331285
1331307
1331317
1331321
1331351
1331354
1331364
1331413
1331444
1331456
1331469
1331525
1331569
1331574
1331634
1331666
1331712
1331716
1331724
1331734
1331742
1331745
1331774
1331816
1331851
1331858
1331889
1331892
1331903
1331907
1331917
1331955
1331967
1332126
1332245
1332250
1332334
1332342
1332365
1332486
1332515
1332519
1332524
1332551
1332560
1332570
1332630
1332670
1332672
1332677
1332685
1332698
1332707
1332710
1332715
1332772
1332790
1332795
1332879
1332881
1332905
1332923
1332979
1332982
1332983
1333006
1333055
1333064
1333086
1333179
1333240
1333320
1333350
1333368
1333381
1333386
1333393
1333404
1333421
1333426
1333427
1333431
1333482
1333486
1333524
1333538
1333563
1333600
1333644
1333663
1333745
1333751
1333791
1333795
1333820
1333827
1333862
1333863
1333886
1333909
1333925
1333977
1334007
1334037
1334063
1334101
1334169
1334173
1334237
1334257
1334304
1334346
1334426
1334441
1334458
1334467
1334468
1334492
1334580
1334595
1334606
1334626
1334646
1334660
1334717
1334748
1334769
1334789
1334801
1334838
1334897
1334914
1334957
1334989
1334995
1335010
1335035
1335066
1335170
1335190
1335221
1335252
1335265
1335266
1335271
1335330
1335434
1335478
1335487
1335514
1335538
1335541
1335566
1335571
1335608
1335613
1335625
1335632
1335641
1335657
1335665
1335742
1335758
1335761
1335816
1335841
1335869
1335928
1335938
1335942
1335951
1335964
1335968
1335969
1336009
1336056
1336101
1336114
1336123
1336143
1336148
1336151
1336178
1336198
1336209
1336258
1336262
1336268
1336274
1336311
1336320
1336365
1336380
1336381
1336386
1336449
1336502
1336515
1336520
1336580
1336591
1336595
1336612
1336621
1336638
1336681
1336706
1336719
1336771
1336782
1336918
1336973
1336988
1337009
1337034
1337129
1337149
1337226
1337239
1337266
1337274
1337282
1337303
1337325
1337329
1337386
1337414
1337422
1337504
1337513
1337515
1337543
1337547
1337554
1337570
1337604
1337615
1337678
1337716
1337719
1337726
1337744
1337782
1337812
1337823
1337843
1337861
1337869
1337876
1337878
1337947
1337987
1338003
1338008
1338054
1338065
1338080
1338100
1338102
1338111
1338140
1338157
1338172
1338218
1338229
1338230
1338279
1338333
1338334
1338343
1338346
1338357
1338395
1338434
1338451
1338478
1338481
1338513
1338514
1338612
1338628
1338629
1338672
1338681
1338684
1338704
1338717
1338725
1338778
1338810
1338845
1338873
1338890
1338911
1338935
1338984
1338992
1338997
1338999
1339029
1339074
1339076
1339118
1339131
1339152
1339188
1339209
1339210
1339262
1339291
1339316
1339429
1339471
1339504
1339509
1339529
1339544
1339549
1339554
1339623
1339631
1339676
1339706
1339710
1339728
1339732
1339790
1339808
1339813
1339833
1339837
1339846
1339884
1340031
1340119
1340179
1340196
1340233
1340250
1340253
1340270
1340271
1340295
1340341
1340353
1340389
1340394
1340436
1340442
1340449
1340488
1340557
1340659
1340668
1340746
1340749
1340826
1340903
1340919
1340923
1340925
1340970
1341016
1341020
1341034
1341074
1341091
1341176
1341178
1341190
1341259
1341284
1341288
1341317
1341342
1341361
1341376
1341386
1341411
1341441
1341573
1341592
1341597
1341642
1341656
1341658
1341684
1341707
1341727
1341754
1341779
1341789
1341805
1341812
1341836
1341843
1341863
1341880
1341923
1342005
1342067
1342124
1342137
1342169
1342267
1342274
1342288
1342296
1342299
1342334
1342406
1342472
1342492
1342494
1342515
1342522
1342563
1342565
1342597
1342601
1342608
1342672
1342676
1342697
1342698
1342725
1342732
1342752
1342786
1342802
1342806
1342815
1342824
1342894
1342911
1342914
1342929
1342985
1343017
1343029
1343035
1343064
1343125
1343160
1343219
1343244
1343262
1343265
1343268
1343309
1343378
1343392
1343396
1343401
1343443
1343458
1343485
1343489
1343495
1343500
1343503
1343508
1343516
1343564
1343567
1343628
1343638
1343738
1343754
1343852
1343876
1343883
1343966
1343995
1343996
1344009
1344025
1344090
1344163
1344179
1344230
1344284
1344311
1344320
1344330
1344339
1344349
1344365
1344371
1344382
1344424
1344425
1344432
1344450
1344458
1344462
1344466
1344489
1344532
1344545
1344547
1344592
1344593
1344612
1344628
1344639
1344749
1344792
1344825
1344844
1344897
1344906
1344935
1344947
1344993
1345047
1345091
1345094
1345130
1345164
1345171
1345210
1345296
1345305
1345330
1345349
1345412
1345454
1345466
1345467
1345472
1345491
1345507
1345519
1345539
1345545
1345547
1345558
1345619
1345643
1345646
1345662
1345689
1345708
1345739
1345766
1345768
1345783
1345803
1345817
1345842
1345920
1345923
1345958
1345994
1346009
1346057
1346083
1346094
1346129
1346136
1346151
1346190
1346206
1346210
1346248
1346281
1346302
1346322
1346331
1346333
1346342
1346361
1346415
1346420
1346436
1346461
1346493
1346615
1346622
1346667
1346713
1346733
1346804
1346818
1346835
1346862
1346881
1346898
1346945
1346951
1347007
1347040
1347057
1347073
1347118
1347121
1347133
1347139
1347143
1347170
1347184
1347237
1347266
1347267
1347315
1347326
1347330
1347336
1347359
1347390
1347403
1347413
1347424
1347438
1347471
1347477
1347492
1347529
1347553
1347588
1347660
1347710
1347727
1347757
1347773
1347784
1347787
1347793
1347802
1347819
1347842
1347852
1347894
1347919
1347935
1347957
1347988
1348031
1348082
1348097
1348125
1348137
1348145
1348229
1348243
1348247
1348294
1348334
1348349
1348419
1348423
1348537
1348540
1348548
1348592
1348605
1348627
1348631
1348667
1348680
1348692
1348702
1348703
1348750
1348754
1348854
1348865
1348878
1348925
1348957
1349002
1349004
1349044
1349046
1349049
1349103
1349115
1349136
1349156
1349250
1349260
1349287
1349330
1349358
1349393
1349415
1349464
1349468
1349478
1349509
1349536
1349542
1349575
1349612
1349624
1349659
1349680
1349707
1349717
1349720
1349723
1349813
1349864
1349926
1349947
1349971
1350004
1350010
1350047
1350068
1350069
1350090
1350132
1350166
1350206
1350214
1350217
1350244
1350277
1350305
1350371
1350376
1350396
1350432
1350487
1350489
1350510
1350526
1350548
1350549
1350584
1350611
1350629
1350641
1350662
1350721
1350762
1350807
1350808
1350862
1350868
1350896
1350920
1350937
1350953
1350964
1350977
1350983
1350993
1350999
1351004
1351128
1351132
1351137
1351153
1351154
1351164
1351187
1351190
1351192
1351203
1351236
1351268
1351297
1351316
1351337
1351347
1351378
1351403
1351437
1351453
1351470
1351476
1351490
1351513
1351570
1351578
1351583
1351595
1351643
1351651
1351683
1351690
1351736
1351753
1351770
1351791
1351833
1351889
1351893
1351937
1351946
1351954
1351968
1352014
1352021
1352039
1352043
1352068
1352078
1352097
1352124
1352147
1352164
1352177
1352222
1352247
1352250
1352267
1352271
1352288
1352305
1352315
1352316
1352332
1352343
1352350
1352374
1352389
1352421
1352449
1352450
1352531
1352532
1352537
1352588
1352621
1352661
1352669
1352754
1352755
1352759
1352776
1352823
1352837
1352884
1352894
1352910
1352971
1353000
1353093
1353094
1353117
1353133
1353164
1353186
1353199
1353203
1353217
1353276
1353277
1353310
1353379
1353392
1353395
1353423
1353433
1353451
1353457
1353495
1353511
1353518
1353520
1353532
1353578
1353604
1353622
1353652
1353666
1353694
1353698
1353699
1353734
1353748
1353770
1353841
1353874
1353935
1353939
1354002
1354035
1354064
1354065
1354111
1354146
1354166
1354178
1354207
1354222
1354227
1354240
1354256
1354295
1354331
1354333
1354372
1354392
1354443
1354461
1354469
1354484
1354572
1354614
1354625
1354700
1354719
1354721
1354786
1354793
1354809
1354821
1354871
1354914
1354929
1354932
1355006
1355050
1355097
1355103
1355111
1355128
1355214
1355218
1355219
1355222
1355249
1355257
1355301
1355349
1355385
1355389
1355407
1355408
1355463
1355531
1355563
1355571
1355661
1355676
1355711
1355717
1355721
1355871
1355904
1355925
1355981
1356025
1356041
1356068
1356123
1356177
1356193
1356229
1356263
1356344
1356395
1356429
1356455
1356462
1356465
1356525
1356532
1356547
1356551
1356616
1356617
1356626
1356686
1356692
1356750
1356763
1356794
1356811
1356813
1356857
1356863
1356874
1356881
1356932
1356941
1356951
1356955
1356962
1356963
1356983
1357033
1357053
1357067
1357069
1357113
1357115
1357130
1357147
1357149
1357190
1357232
1357252
1357341
1357360
1357376
1357393
1357397
1357400
1357412
1357462
1357479
1357481
1357505
1357511
1357552
1357559
1357649
1357660
1357706
1357716
1357738
1357755
1357770
1357802
1357806
1357834
1357836
1357849
1357854
1357875
1357906
1357960
1358003
1358022
1358023
1358036
1358042
1358043
1358046
1358054
1358060
1358082
1358116
1358119
1358125
1358136
1358140
1358154
1358219
1358224
1358267
1358270
1358274
1358289
1358291
1358328
1358335
1358434
1358541
1358549
1358558
1358579
1358581
1358623
1358625
1358644
1358654
1358699
1358723
1358724
1358742
1358750
1358796
1358814
1358836
1358856
1358858
1358895
1358927
1358979
1358980
1358981
1359014
1359020
1359027
1359045
1359118
1359157
1359176
1359202
1359279
1359311
1359312
1359373
1359381
1359385
1359392
1359415
1359429
1359502
1359568
1359573
1359610
1359637
1359694
1359703
1359728
1359783
1359811
1359823
1359835
1359854
1359872
1359881
1359897
1359919
1359981
1359983
1359993
1360064
1360066
1360146
1360158
1360213
1360237
1360282
1360291
1360292
1360305
1360325
1360337
1360338
1360365
1360410
1360447
1360452
1360464
1360468
1360478
1360504
1360510
1360526
1360542
1360550
1360552
1360557
1360564
1360575
1360583
1360608
1360614
1360629
1360638
1360662
1360681
1360708
1360733
1360751
1360770
1360795
1360808
1360839
1360870
1360881
1360892
1360894
1360915
1360935
1360947
1360963
1360968
1360990
1361004
1361044
1361066
1361128
1361158
1361202
1361212
1361275
1361287
1361320
1361393
1361424
1361463
1361472
1361494
1361507
1361508
1361510
1361534
1361559
1361566
1361584
1362616
1362631
1362670
1362672
1362733
1362739
1362744
1362792
1362810
1362821
1362843
1362891
1362892
1362954
1362956
1362963
1362988
1362990
1362995
1363001
1363011
1363019
1363031
1363037
1363084
1363124
1363204
1363211
1363212
1363213
1363214
1363215
1363287
1363324
1363325
1363335
1363343
1363382
1363452
1363453
1363455
1363521
1363524
1363570
1363602
1363608
1363628
1363646
1363651
1363663
1363679
1363716
1363757
1363764
1363807
1363831
1363843
1363853
1363857
1363862
1363891
1363896
1363917
1363971
1364000
1364002
1364004
1364042
1364099
1364194
1364227
1364312
1364319
1364338
1364371
1364378
1364382
1364397
1364417
1364453
1364512
1364521
1364539
1364585
1364645
1364676
1364694
1364700
1364707
1364748
1364785
1364794
1364802
1364861
1364865
1364882
1364891
1364914
1364951
1364955
1364970
1364980
1365000
1365004
1365010
1365039
1365051
1365086
1365113
1365115
1365159
1365174
1365255
1365284
1365292
1365345
1365346
1365347
1365436
1365456
1365475
1365477
1365483
1365489
1365546
1365547
1365566
1365576
1365602
1365632
1365643
1365655
1365681
1365767
1365801
1365817
1365820
1365823
1365827
1365902
1365910
1365922
1365929
1365932
1365937
1365946
1365986
1366008
1366022
1366037
1366047
1366048
1366081
1366094
1366102
1366118
1366151
1366198
1366218
1366235
1366247
1366267
1366279
1366281
1366282
1366291
1366297
1366306
1366430
1366445
1366508
1366547
1366560
1366574
1366587
1366648
1366651
1366687
1366696
1366701
1366719
1366774
1366794
1366834
1366844
1366845
1366850
1366875
1366877
1366891
1366945
1366948
1366958
1366959
1366990
1367025
1367061
1367087
1367095
1367145
1367202
1367252
1367265
1367280
1367292
1367331
1367361
1367374
1367392
1367393
1367399
1367401
1367426
1367456
1367492
1367493
1367502
1367541
1367690
1367699
1367708
1367714
1367715
1367726
1367738
1367765
1367830
1367847
1367856
1367891
1367921
1367925
1367927
1367934
1367996
1368040
1368077
1368086
1368148
1368178
1368230
1368249
1368288
1368330
1368376
1368403
1368420
1368434
1368435
1368467
1368476
1368487
1368493
1368514
1368532
1368549
1368579
1368601
1368610
1368658
1368689
1368722
1368731
1368740
1368777
1368783
1368796
1368830
1368844
1368865
1368882
1368894
1368898
1368925
1368937
1369013
1369014
1369045
1369046
1369075
1369189
1369278
1369286
1369299
1369300
1369337
1369341
1369376
1369475
1369494
1369500
1369525
1369527
1369531
1369534
1369570
1369602
1369631
1369637
1369670
1369691
1369709
1369712
1369751
1369791
1369819
1369821
1369863
1369875
1369953
1370024
1370037
1370038
1370053
1370081
1370094
1370118
1370132
1370146
1370154
1370176
1370177
1370184
1370190
1370197
1370208
1370231
1370239
1370321
1370328
1370341
1370361
1370362
1370367
1370384
1370413
1370452
1370529
1370603
1370621
1370626
1370637
1370640
1370674
1370678
1370690
1370708
1370750
1370761
1370769
1370774
1370785
1370843
1370881
1370903
1370953
1370976
1370979
1370999
1371018
1371031
1371052
1371064
1371069
1371097
1371102
1371115
1371122
1371148
1371177
1371181
1371187
1371196
1371220
1371230
1371294
1371310
1371329
1371337
1371341
1371342
1371353
1371368
1371416
1371455
1371516
1371520
1371617
1371624
1371676
1371684
1371692
1371694
1371698
1371709
1371719
1371725
1371735
1371739
1371750
1371784
1371812
1371887
1371931
1371955
1371993
1372073
1372102
1372138
1372140
1372175
1372211
1372227
1372251
1372278
1372282
1372301
1372320
1372321
1372344
1372383
1372398
1372400
1372411
1372466
1372471
1372505
1372509
1372519
1372526
1372550
1372583
1372589
1372595
1372612
1372637
1372652
1372728
1372743
1372758
1372759
1372773
1372781
1372782
1372783
1372793
1372797
1372813
1372826
1372872
1372879
1372882
1372934
1372973
1373010
1373014
1373039
1373044
1373052
1373099
1373127
1373153
1373173
1373177
1373195
1373196
1373230
1373283
1373289
1373304
1373319
1373345
1373350
1373402
1373439
1373492
1373493
1373507
1373509
1373577
1373641
1373658
1373659
1373665
1373710
1373754
1373757
1373778
1373790
1373810
1373881
1373898
1373949
1373958
1373984
1374013
1374071
1374149
1374240
1374310
1374319
1374342
1374370
1374378
1374382
1374386
1374402
1374414
1374433
1374453
1374455
1374471
1374479
1374559
1374571
1374576
1374600
1374647
1374653
1374666
1374674
1374675
1374706
1374762
1374774
1374781
1374788
1374842
1374863
1374955
1374988
1374990
1374992
1374993
1375027
1375032
1375039
1375077
1375100
1375111
1375117
1375127
1375137
1375190
1375192
1375198
1375257
1375272
1375278
1375280
1375281
1375302
1375303
1375394
1375398
1375410
1375451
1375457
1375556
1375580
1375594
1375605
1375681
1375687
1375703
1375742
1375745
1375749
1375790
1375808
1375814
1375817
1375822
1375835
1375840
1375850
1375852
1375864
1375874
1375950
1375964
1375970
1376008
1376069
1376082
1376094
1376103
1376140
1376147
1376151
1376180
1376187
1376189
1376224
1376252
1376260
1376313
1376321
1376335
1376356
1376359
1376368
1376380
1376387
1376394
1376397
1376492
1376531
1376573
1376577
1376591
1376592
1376663
1376692
1376772
1376788
1376797
1376803
1376829
1376836
1376860
1376873
1376890
1376909
1376910
1376915
1376920
1376970
1377013
1377029
1377046
1377070
1377074
1377083
1377157
1377202
1377228
1377250
1377258
1377292
1377294
1377299
1377305
1377309
1377314
1377353
1377379
1377412
1377506
1377513
1377514
1377541
1377553
1377557
1377630
1377654
1377663
1377677
1377699
1377701
1377703
1377709
1377732
1377756
1377760
1377802
1377829
1377840
1377878
1377885
1377886
1377898
1377931
1377947
1377981
1377985
1378050
1378053
1378080
1378102
1378113
1378125
1378156
1378302
1378307
1378340
1378342
1378369
1378371
1378402
1378405
1378414
1378443
1378466
1378497
1378510
1378512
1378529
1378548
1378562
1378599
1378646
1378649
1378655
1378677
1378704
1378727
1378734
1378740
1378796
1378849
1378878
1378883
1378894
1378899
1378918
1378927
1378929
1378941
1379037
1379104
1379181
1379202
1379214
1379235
1379269
1379315
1379335
1379362
1379387
1379423
1379441
1379450
1379468
1379470
1379484
1379499
1379582
1379585
1379587
1379632
1379678
1379690
1379788
1379817
1379818
1379819
1379824
1379830
1379844
1379882
1379892
1379904
1379913
1379918
1379980
1380002
1380005
1380006
1380015
1380032
1380051
1380067
1380068
1380082
1380101
1380124
1380129
1380139
1380226
1380231
1380245
1380246
1380258
1380282
1380303
1380344
1380348
1380349
1380431
1380437
1380532
1380547
1380562
1380568
1380606
1380641
1380671
1380720
1380726
1380765
1380792
1380808
1380838
1380877
1380897
1380961
1381012
1381021
1381041
1381051
1381063
1381077
1381086
1381102
1381109
1381139
1381177
1381207
1381211
1381213
1381222
1381252
1381255
1381260
1381267
1381313
1381316
1381386
1381392
1381437
1381487
1381492
1381494
1381509
1381512
1381538
1381543
1381596
1381611
1381634
1381636
1381649
1381679
1381695
1381696
1381718
1381753
1381763
1381782
1381801
1381808
1381819
1381826
1381842
1381868
1381879
1381880
1381900
1381950
1381969
1381972
1382025
1382031
1382051
1382055
1382075
1382077
1382154
1382161
1382176
1382206
1382240
1382267
1382269
1382279
1382295
1382305
1382355
1382364
1382397
1382398
1382424
1382431
1382447
1382461
1382467
1382482
1382506
1382514
1382565
1382586
1382632
1382648
1382666
1382692
1382771
1382783
1382788
1382792
1382797
1382808
1382816
1382820
1382832
1382887
1382889
1382906
1382910
1382911
1382980
1383031
1383151
1383229
1383237
1383341
1383371
1383372
1383384
1383409
1383430
1383436
1383484
1383504
1383510
1383520
1383538
1383549
1383559
1383574
1383578
1383592
1383649
1383787
1383811
1383829
1383869
1383932
1383936
1383978
1383985
1384021
1384037
1384041
1384043
1384114
1384150
1384159
1384163
1384165
1384168
1384215
1384228
1384233
1384252
1384280
1384312
1384329
1384431
1384435
1384446
1384484
1384512
1384537
1384568
1384588
1384630
1384669
1384698
1384723
1384727
1384748
1384776
1384860
1384871
1384881
1384909
1384964
1384971
1384999
1385005
1385025
1385034
1385056
1385088
1385090
1385154
1385161
1385162
1385178
1385180
1385215
1385224
1385226
1385245
1385246
1385295
1385374
1385419
1385462
1385474
1385545
1385566
1385599
1385622
1385646
1385695
1385700
1385703
1385708
1385748
1385771
1385782
1385784
1385785
1385789
1385881
1385890
1385901
1385905
1385911
1385917
1385919
1386015
1386019
1386025
1386039
1386064
1386108
1386139
1386161
1386200
1386203
1386249
1386260
1386290
1386375
1386410
1386415
1386447
1386482
1386532
1386586
1386595
1386602
1386850
1386852
1386876
1386879
1386880
1386922
1387009
1387030
1387049
1387057
1387125
1387180
1387198
1387220
1387244
1387249
1387254
1387276
1387299
1387333
1387351
1387370
1387375
1387414
1387417
1387421
1387438
1387517
1387540
1387545
1387554
1387611
1387633
1387679
1387734
1387746
1387752
1387764
1387766
1387828
1387848
1387850
1387861
1387868
1387893
1387906
1387917
1387922
1387958
1388015
1388026
1388055
1388091
1388101
1388127
1388130
1388140
1388141
1388171
1388177
1388178
1388194
1388199
1388214
1388251
1388296
1388307
1388334
1388370
1388387
1388398
1388565
1388609
1388613
1388646
1388656
1388669
1388675
1388678
1388689
1388698
1388720
1388756
1388774
1388812
1388818
1388822
1388832
1388834
1388878
1388880
1388956
1388991
1389031
1389041
1389081
1389084
1389104
1389122
1389161
1389209
1389216
1389335
1389347
1389366
1389386
1389407
1389425
1389431
1389440
1389459
1389465
1389517
1389526
1389557
1389573
1389586
1389611
1389649
1389670
1389706
1389720
1389736
1389737
1389771
1389795
1389800
1389803
1389813
1389844
1389914
1389927
1389935
1389964
1390042
1390051
1390056
1390096
1390103
1390115
1390135
1390180
1390187
1390198
1390217
1390218
1390245
1390269
1390279
1390305
1390310
1390360
1390370
1390385
1390431
1390452
1390458
1390461
1390475
1390484
1390487
1390491
1390535
1390547
1390608
1390613
1390616
1390629
1390641
1390656
1390726
1390728
1390729
1390751
1390777
1390782
1390791
1390800
1390810
1390834
1390837
1390850
1390926
1390964
1390967
1391004
1391032
1391056
1391084
1391124
1391126
1391144
1391168
1391188
1391233
1391253
1391277
1391312
1391333
1391336
1391374
1391397
1391488
1391489
1391510
1391514
1391538
1391601
1391637
1391662
1391691
1391717
1391746
1391759
1391764
1391777
1391788
1391813
1391827
1391894
1391909
1392009
1392064
1392069
1392078
1392083
1392085
1392125
1392131
1392134
1392147
1392202
1392211
1392319
1392320
1392375
1392393
1392396
1392417
1392423
1392454
1392508
1392515
1392529
1392565
1392615
1392618
1392686
1392687
1392717
1392820
1392828
1392833
1392840
1392870
1392885
1392934
1392937
1392950
1392959
1393018
1393022
1393049
1393082
1393114
1393119
1393141
1393143
1393164
1393181
1393191
1393228
1393256
1393258
1393299
1393329
1393350
1393394
1393402
1393419
1393423
1393441
1393445
1393477
1393479
1393503
1393508
1393549
1393553
1393609
1393654
1393660
1393702
1393719
1393724
1393754
1393840
1393849
1393854
1393885
1393900
1393991
1394068
1394089
1394104
1394136
1394221
1394239
1394293
1394304
1394395
1394414
1394453
1394455
1394476
1394488
1394491
1394623
1394625
1394716
1394725
1394733
1394735
1394775
1394791
1394803
1394806
1394821
1394883
1394943
1395026
1395064
1395123
1395134
1395153
1395166
1395184
1395203
1395233
1395251
1395252
1395266
1395349
1395377
1395387
1395437
1395444
1395459
1395467
1395482
1395504
1395537
1395545
1395592
1395612
1395660
1395679
1395690
1395699
1395732
1395745
1395783
1395786
1395887
1395966
1395992
1396023
1396034
1396043
1396069
1396076
1396124
1396129
1396155
1396209
1396246
1396281
1396284
1396356
1396376
1396417
1396435
1396480
1396481
1396491
1396576
1396615
1396636
1396649
1396655
1396674
1396693
1396718
1396767
1396777
1396793
1396813
1396844
1396868
1396895
1396925
1396933
1396951
1396988
1397027
1397041
1397043
1397068
1397087
1397093
1397161
1397198
1397201
1397211
1397213
1397256
1397258
1397331
1397353
1397359
1397363
1397371
1397395
1397453
1397468
1397470
1397503
1397537
1397544
1397561
1397567
1397570
1397586
1397684
1397703
1397714
1397743
1397749
1397760
1397763
1397769
1397780
1397810
1397819
1397825
1397851
1397862
1397870
1397888
1397942
1397955
1398006
1398041
1398042
1398100
1398114
1398129
1398170
1398247
1398250
1398280
1398345
1398352
1398373
1398406
1398424
1398441
1398464
1398470
1398514
1398567
1398570
1398622
1398628
1398631
1398663
1398715
1398718
1398729
1398750
1398831
1398838
1398858
1398876
1398880
1398934
1398967
1398983
1399040
1399077
1399179
1399182
1399184
1399193
1399216
1399254
1399307
1399323
1399398
1399498
1399555
1399581
1399604
1399671
1399705
1399722
1399726
1399734
1399879
1399890
1399941
1399963
1399970
1399983
1399986
1399995
1400033
1400060
1400096
1400111
1400119
1400164
1400200
1400218
1400228
1400237
1400239
1400252
1400326
1400331
1400353
1400371
1400382
1400415
1400473
1400504
1400520
1400555
1400619
1400634
1400683
1400705
1400711
1400717
1400727
1400824
1400868
1400871
1400952
1400973
1401018
1401035
1401087
1401164
1401173
1401253
1401260
1401271
1401321
1401383
1401395
1401440
1401445
1401477
1401492
1401493
1401525
1401546
1401551
1401608
1401627
1401648
1401660
1401661
1401706
1401734
1401743
1401751
1401778
1401791
1401793
1401806
1401826
1401836
1401862
1401892
1401905
1401915
1401963
1401983
1402001
1402050
1402055
1402075
1402086
1402103
1402112
1402119
1402134
1402143
1402154
1402194
1402198
1402272
1402282
1402319
1402333
1402341
1402379
1402383
1402416
1402419
1402443
1402452
1402459
1402484
1402495
1402503
1402507
1402515
1402517
1402553
1402555
1402558
1402578
1402582
1402657
1402665
1402678
1402701
1402716
1402721
1402730
1402764
1402776
1402811
1402824
1402832
1402858
1402862
1402967
1402969
1402992
1402996
1403006
1403040
1403070
1403075
1403087
1403142
1403148
1403153
1403172
1403173
1403188
1403217
1403242
1403252
1403281
1403291
1403294
1403316
1403349
1403365
1403441
1403474
1403506
1403507
1403523
1403525
1403538
1403590
1403614
1403622
1403626
1403641
1403657
1403669
1403677
1403692
1403695
1403701
1403713
1403759
1403760
1403769
1403811
1403849
1403871
1403879
1403961
1403972
1403996
1404027
1404066
1404076
1404106
1404123
1404186
1404252
1404298
1404300
1404301
1404308
1404314
1404319
1404343
1404366
1404379
1404428
1404463
1404473
1404477
1404528
1404530
1404543
1404544
1404549
1404568
1404570
1404579
1404595
1404622
1404632
1404671
1404732
1404739
1404748
1404781
1404789
1404807
1404864
1404875
1404903
1404951
1404966
1404969
1404978
1405010
1405011
1405035
1405059
1405095
1405107
1405113
1405147
1405164
1405249
1405254
1405265
1405309
1405335
1405370
1405381
1405391
1405408
1405412
1405456
1405461
1405483
1405510
1405512
1405525
1405534
1405536
1405556
1405561
1405582
1405626
1405660
1405706
1405781
1405818
1405830
1405838
1405842
1405867
1405917
1405945
1405978
1405981
1405982
1406017
1406032
1406035
1406038
1406051
1406060
1406088
1406111
1406115
1406127
1406142
1406149
1406151
1406177
1406180
1406191
1406197
1406222
1406228
1406231
1406252
1406257
1406312
1406329
1406331
1406360
1406371
1406375
1406394
1406403
1406413
1406424
1406498
1406521
1406527
1406551
1406572
1406590
1406617
1406623
1406642
1406658
1406673
1406680
1406737
1406792
1406866
1406927
1406949
1406956
1406984
1406993
1407051
1407054
1407082
1407094
1407123
1407144
1407237
1407335
1407345
1407368
1407377
1407424
1407452
1407454
1407457
1407468
1407477
1407499
1407522
1407556
1407565
1407595
1407602
1407617
1407642
1407672
1407684
1407697
1407715
1407716
1407728
1407741
1407768
1407782
1407786
1407810
1407813
1407840
1407874
1407921
1407984
1408011
1408034
1408046
1408104
1408110
1408134
1408152
1408167
1408169
1408177
1408185
1408195
1408219
1408239
1408251
1408267
1408291
1408298
1408299
1408300
1408342
1408356
1408360
1408367
1408381
1408399
1408413
1408420
1408481
1408483
1408484
1408498
1408527
1408539
1408574
1408603
1408668
1408692
1408708
1408740
1408745
1408801
1408872
1408890
1408930
1408945
1408970
1409016
1409023
1409063
1409064
1409098
1409100
1409109
1409171
1409183
1409242
1409287
1409304
1409374
1409387
1409417
1409484
1409502
1409513
1409526
1409596
1409620
1409656
1409661
1409665
1409689
1409723
1409747
1409787
1409798
1409805
1409816
1409864
1409905
1409911
1409945
1409963
1409999
1410001
1410015
1410035
1410056
1410134
1410135
1410138
1410187
1410280
1410307
1410316
1410320
1410350
1410366
1410378
1410387
1410397
1410434
1410496
1410502
1410520
1410523
1410524
1410526
1410535
1410622
1410638
1410657
1410665
1410674
1410681
1410783
1410789
1410821
1410826
1410848
1410881
1410882
1410948
1410968
1410981
1410997
1411021
1411060
1411070
1411083
1411113
1411117
1411122
1411125
1411215
1411263
1411272
1411326
1411430
1411432
1411460
1411466
1411511
1411597
1411652
1411674
1411682
1411693
1411752
1411758
1411775
1411782
1411823
1411854
1411884
1411926
1411936
1412014
1412016
1412050
1412073
1412078
1412080
1412098
1412101
1412118
1412138
1412151
1412184
1412189
1412190
1412240
1412243
1412285
1412286
1412292
1412308
1412335
1412337
1412342
1412357
1412408
1412418
1412459
1412474
1412531
1412539
1412544
1412556
1412572
1412573
1412574
1412592
1412601
1412668
1412670
1412731
1412745
1412750
1412791
1412792
1412813
1412850
1412872
1412886
1412989
1413016
1413057
1413069
1413071
1413073
1413082
1413087
1413110
1413157
1413159
1413207
1413239
1413242
1413257
1413268
1413321
1413326
1413373
1413380
1413473
1413475
1413513
1413543
1413571
1413578
1413582
1413588
1413607
1413610
1413613
1413630
1413641
1413648
1413668
1413702
1413705
1413707
1413717
1413718
1413726
1413745
1413758
1413798
1413853
1413860
1413863
1413912
1413935
1413936
1413937
1413945
1413967
1413971
1413973
1414001
1414002
1414009
1414010
1414077
1414093
1414167
1414194
1414226
1414298
1414406
1414423
1414462
1414485
1414583
1414585
1414602
1414761
1414800
1414823
1414855
1414861
1414901
1414945
1414964
1414985
1415018
1415085
1415086
1415106
1415119
1415129
1415158
1415173
1415176
1415182
1415183
1415197
1415216
1415229
1415293
1415327
1415373
1415391
1415395
1415396
1415431
1415473
1415480
1415490
1415502
1415516
1415520
1415542
1415552
1415554
1415568
1415625
1415631
1415632
1415648
1415665
1415729
1415732
1415735
1415758
1415847
1415860
1415903
1415950
1415975
1415984
1415991
1415998
1416031
1416116
1416117
1416177
1416199
1416208
1416217
1416229
1416251
1416252
1416273
1416323
1416344
1416351
1416418
1416461
1416463
1416496
1416532
1416537
1416545
1416553
1416576
1416599
1416603
1416671
1416682
1416703
1416708
1416740
1416742
1416773
1416821
1416828
1416881
1416951
1416972
1417009
1417012
1417027
1417045
1417054
1417058
1417063
1417069
1417106
1417113
1417147
1417180
1417189
1417200
1417207
1417246
1417304
1417316
1417319
1417361
1417398
1417414
1417433
1417442
1417459
1417465
1417511
1417526
1417599
1417625
1417660
1417671
1417692
1417753
1417755
1417759
1417768
1417788
1417810
1417848
1417883
1417892
1417901
1417944
1418008
1418024
1418038
1418052
1418057
1418074
1418083
1418089
1418111
1418128
1418138
1418177
1418201
1418202
1418206
1418260
1418273
1418278
1418291
1418304
1418318
1418349
1418399
1418405
1418408
1418453
1418471
1418475
1418496
1418540
1418599
1418612
1418644
1418653
1418665
1418672
1418744
1418829
1418873
1418890
1418896
1418927
1419067
1419088
1419106
1419120
1419121
1419157
1419177
1419183
1419206
1419216
1419221
1419226
1419227
1419234
1419241
1419251
1419286
1419303
1419317
1419396
1419460
1419474
1419589
1419599
1419676
1419681
1419691
1419737
1419745
1419769
1419773
1419793
1419806
1419827
1419860
1419891
1419896
1419924
1420007
1420014
1420020
1420037
1420046
1420048
1420112
1420120
1420121
1420125
1420141
1420187
1420188
1420211
1420270
1420339
1420349
1420381
1420388
1420399
1420403
1420407
1420461
1420467
1420490
1420517
1420524
1420542
1420578
1420599
1420607
1420639
1420641
1420740
1420763
1420779
1420785
1420787
1420830
1420840
1420918
1420935
1420936
1420961
1421032
1421037
1421061
1421068
1421102
1421108
1421149
1421157
1421185
1421195
1421196
1421225
1421245
1421266
1421278
1421282
1421291
1421310
1421311
1421313
1421315
1421329
1421361
1421363
1421387
1421402
1421406
1421413
1421438
1421554
1421599
1421678
1421745
1421790
1421795
1421798
1421810
1421812
1421819
1421828
1421865
1421895
1421921
1421959
1421991
1422069
1422084
1422085
1422105
1422150
1422184
1422192
1422194
1422244
1422257
1422260
1422261
1422262
1422290
1422293
1422296
1422321
1422417
1422419
1422473
1422492
1422513
1422526
1422593
1422609
1422695
1422696
1422780
1422797
1422799
1422804
1422810
1422811
1422842
1422849
1422860
1422865
1422896
1422917
1422946
1422991
1422997
1423039
1423061
1423068
1423074
1423094
1423161
1423196
1423284
1423287
1423305
1423313
1423377
1423384
1423395
1423460
1423469
1423471
1423486
1423499
1423531
1423553
1423556
1423566
1423600
1423644
1423656
1423667
1423668
1423735
1423794
1423848
1423890
1423911
1423917
1423950
1424000
1424004
1424010
1424070
1424132
1424140
1424156
1424174
1424179
1424220
1424234
1424238
1424241
1424260
1424301
1424319
1424351
1424359
1424462
1424512
1424515
1424520
1424548
1424694
1424711
1424731
1424736
1424844
1424851
1424853
1424879
1424882
1424931
1424934
1425027
1425052
1425056
1425079
1425126
1425129
1425174
1425177
1425219
1425378
1425413
1425417
1425420
1425434
1425463
1425483
1425487
1425503
1425522
1425536
1425542
1425581
1425585
1425607
1425609
1425635
1425645
1425649
1425658
1425706
1425707
1425730
1425860
1425879
1425900
1425933
1425938
1426010
1426030
1426035
1426074
1426101
1426105
1426118
1426185
1426225
1426282
1426295
1426296
1426302
1426324
1426325
1426340
1426369
1426416
1426435
1426471
1426511
1426544
1426547
1426559
1426566
1426587
1426609
1426610
1426709
1426712
1426722
1426727
1426781
1426794
1426823
1426848
1426921
1426924
1426925
1426959
1426961
1426971
1426987
1426996
1426998
1427029
1427084
1427107
1427125
1427139
1427176
1427208
1427212
1427237
1427240
1427241
1427272
1427337
1427375
1427382
1427414
1427448
1427455
1427478
1427512
1427545
1427576
1427586
1427587
1427595
1427633
1427680
1427710
1427777
1427785
1427812
1427847
1427935
1427947
1427961
1427966
1427985
1427996
1428001
1428010
1428049
1428088
1428135
1428136
1428137
1428248
1428271
1428288
1428306
1428326
1428356
1428408
1428419
1428423
1428430
1428459
1428496
1428522
1428524
1428540
1428578
1428637
1428642
1428644
1428658
1428731
1428744
1428771
1428815
1428872
1428884
1428911
1428919
1428929
1428963
1428973
1428993
1428997
1429019
1429027
1429077
1429141
1429166
1429229
1429235
1429305
1429371
1429427
1429551
1429571
1429658
1429661
1429664
1429678
1429680
1429691
1429738
1429749
1429785
1429796
1429848
1429874
1429903
1429910
1429930
1429940
1429976
1429978
1430061
1430075
1430076
1430119
1430139
1430206
1430272
1430281
1430286
1430310
1430382
1430394
1430412
1430424
1430450
1430453
1430472
1430512
1430548
1430579
1430589
1430594
1430602
1430616
1430623
1430627
1430643
1430671
1430682
1430700
1430727
1430731
1430761
1430781
1430784
1430790
1430801
1430841
1430843
1430926
1430930
1430963
1430988
1431001
1431047
1431061
1431081
1431082
1431104
1431133
1431136
1431166
1431212
1431232
1431234
1431253
1431263
1431270
1431283
1431335
1431338
1431371
1431378
1431385
1431395
1431425
1431444
1431472
1431500
1431503
1431523
1431533
1431577
1431621
1431672
1431711
1431720
1431731
1431758
1431759
1431796
1431800
1431824
1431847
1431848
1431854
1431907
1431908
1431960
1432000
1432013
1432025
1432088
1432092
1432110
1432116
1432175
1432211
1432212
1432285
1432286
1432339
1432346
1432349
1432394
1432405
1432422
1432460
1432462
1432503
1432535
1432544
1432568
1432611
1432613
1432632
1432639
1432763
1432774
1432780
1432791
1432833
1432837
1432849
1432885
1432921
1432929
1432967
1432975
1432979
1432992
1433017
1433043
1433131
1433161
1433164
1433202
1433203
1433230
1433237
1433245
1433248
1433251
1433295
1433298
1433302
1433303
1433319
1433329
1433362
1433407
1433421
1433446
1433451
1433457
1433505
1433518
1433544
1433586
1433593
1433625
1433635
1433707
1433712
1433770
1433779
1433795
1433805
1433822
1433827
1433857
1433876
1433888
1433927
1433928
1433932
1433938
1433961
1433964
1434008
1434035
1434041
1434050
1434074
1434082
1434106
1434130
1434133
1434157
1434178
1434205
1434226
1434230
1434264
1434275
1434285
1434329
1434330
1434340
1434350
1434375
1434399
1434411
1434417
1434435
1434440
1434466
1434578
1434599
1434608
1434653
1434661
1434729
1434786
1434823
1434842
1434849
1434850
1434860
1434868
1434878
1434931
1434981
1435006
1435016
1435031
1435044
1435060
1435093
1435107
1435112
1435120
1435139
1435147
1435170
1435203
1435207
1435253
1435254
1435258
1435292
1435315
1435323
1435374
1435449
1435519
1435524
1435543
1435567
1435573
1435591
1435601
1435602
1435603
1435624
1435625
1435633
1435658
1435672
1435713
1435751
1435760
1435823
1435855
1435859
1435883
1435886
1435930
1435968
1435996
1436021
1436089
1436104
1436111
1436151
1436170
1436189
1436197
1436198
1436200
1436243
1436257
1436274
1436276
1436307
1436368
1436380
1436400
1436434
1436444
1436458
1436484
1436488
1436497
1436580
1436605
1436607
1436611
1436635
1436637
1436656
1436688
1436735
1436768
1436820
1436844
1436847
1436875
1436879
1436903
1436912
1436918
1436934
1436952
1436974
1436981
1436983
1436988
1437017
1437024
1437058
1437062
1437080
1437087
1437100
1437113
1437134
1437175
1437188
1437226
1437237
1437318
1437331
1437344
1437355
1437406
1437468
1437472
1437486
1437543
1437588
1437628
1437641
1437648
1437653
1437654
1437663
1437763
1437802
1437826
1437839
1437844
1437882
1437883
1437903
1437915
1437935
1437937
1437966
1438002
1438032
1438046
1438079
1438080
1438084
1438109
1438113
1438140
1438144
1438149
1438166
1438212
1438219
1438243
1438249
1438299
1438304
1438352
1438387
1438394
1438436
1438450
1438504
1438536
1438543
1438558
1438563
1438570
1438572
1438591
1438609
1438676
1438700
1438717
1438735
1438765
1438823
1438856
1438865
1438867
1438870
1438880
1438899
1438909
1438916
1438958
1438971
1439058
1439067
1439068
1439091
1439127
1439171
1439173
1439174
1439198
1439201
1439215
1439242
1439284
1439313
1439369
1439464
1439466
1439498
1439532
1439569
1439581
1439583
1439599
1439603
1439604
1439619
1439650
1439683
1439691
1439702
1439741
1439773
1439775
1439781
1439789
1439816
1439821
1439832
1439876
1439887
1439904
1439908
1439913
1439938
1439946
1439961
1440063
1440103
1440112
1440139
1440141
1440154
1440172
1440174
1440178
1440183
1440190
1440205
1440227
1440254
1440307
1440310
1440331
1440334
1440376
1440383
1440386
1440438
1440468
1440491
1440506
1440542
1440559
1440600
1440656
1440686
1440698
1440712
1440758
1440780
1440832
1440836
1440844
1440910
1440921
1440924
1440965
1441006
1441020
1441057
1441088
1441090
1441096
1441137
1441151
1441169
1441177
1441227
1441231
1441240
1441250
1441255
1441266
1441317
1441428
1441432
1441453
1441473
1441546
1441573
1441593
1441628
1441645
1441701
1441704
1441709
1441718
1441819
1441887
1441904
1441919
1441941
1441946
1441968
1441969
1441980
1441985
1442026
1442116
1442207
1442225
1442262
1442278
1442280
1442287
1442308
1442311
1442341
1442350
1442365
1442390
1442438
1442451
1442469
1442478
1442492
1442505
1442525
1442549
1442554
1442556
1442568
1442569
1442590
1442592
1442609
1442614
1442629
1442685
1442688
1442719
1442729
1442752
1442755
1442769
1442770
1442785
1442815
1442909
1442913
1442927
1442936
1442938
1442967
1442982
1443014
1443015
1443062
1443068
1443070
1443087
1443091
1443111
1443130
1443137
1443195
1443204
1443223
1443254
1443256
1443268
1443277
1443320
1443326
1443356
1443383
1443390
1443421
1443449
1443477
1443547
1443556
1443585
1443603
1443610
1443641
1443646
1443653
1443661
1443680
1443694
1443703
1443720
1443738
1443743
1443753
1443756
1443873
1443917
1443954
1443973
1443998
1444048
1444053
1444086
1444122
1444234
1444278
1444295
1444315
1444422
1444446
1444476
1444511
1444532
1444546
1444579
1444599
1444613
1444617
1444619
1444625
1444641
1444652
1444717
1444748
1444752
1444865
1444887
1444905
1444921
1444954
1444975
1444992
1445026
1445036
1445052
1445061
1445086
1445099
1445126
1445130
1445161
1445166
1445201
1445208
1445247
1445266
1445268
1445269
1445278
1445307
1445327
1445368
1445371
1445382
1445389
1445416
1445441
1445495
1445501
1445538
1445565
1445591
1445604
1445658
1445688
1445763
1445771
1445778
1445802
1445811
1445854
1445886
1445901
1445915
1445926
1445972
1445994
1446008
1446069
1446070
1446072
1446080
1446112
1446147
1446152
1446169
1446197
1446223
1446240
1446249
1446270
1446297
1446304
1446348
1446363
1446379
1446392
1446476
1446504
1446530
1446547
1446642
1446656
1446678
1446696
1446706
1446709
1446734
1446744
1446752
1446764
1446810
1446812
1446822
1446829
1446850
1446874
1446881
1446890
1446907
1446925
1446930
1446932
1446935
1446945
1446952
1446957
1446984
1446994
1447007
1447010
1447016
1447054
1447104
1447131
1447135
1447148
1447163
1447192
1447258
1447329
1447349
1447371
1447378
1447432
1447514
1447529
1447534
1447540
1447577
1447585
1447593
1447601
1447608
1447651
1447688
1447706
1447711
1447731
1447753
1447808
1447829
1447857
1447868
1447879
1447901
1447903
1447908
1447910
1447912
1447938
1447953
1447966
1447988
1447990
1447993
1448010
1448013
1448019
1448033
1448037
1448062
1448065
1448078
1448132
1448135
1448146
1448159
1448176
1448177
1448211
1448216
1448219
1448244
1448268
1448271
1448276
1448279
1448309
1448339
1448392
1448396
1448434
1448441
1448494
1448540
1448542
1448573
1448581
1448584
1448621
1448645
1448647
1448663
1448666
1448667
1448675
1448688
1448692
1448702
1448726
1448795
1448822
1448837
1448859
1448891
1448892
1448893
1448921
1448983
1448989
1448996
1449008
1449021
1449044
1449111
1449128
1449160
1449175
1449192
1449235
1449268
1449313
1449330
1449358
1449386
1449389
1449414
1449482
1449509
1449510
1449512
1449550
1449554
1449587
1449618
1449620
1449664
1449711
1449717
1449738
1449741
1449804
1449810
1449822
1449851
1449874
1449886
1449896
1449937
1449954
1449970
1450001
1450010
1450030
1450065
1450116
1450169
1450186
1450198
1450207
1450237
1450238
1450260
1450272
1450292
1450296
1450321
1450328
1450337
1450375
1450379
1450459
1450473
1450489
1450490
1450515
1450525
1450546
1450570
1450573
1450585
1450622
1450646
1450702
1450704
1450717
1450732
1450736
1450789
1450802
1450811
1450911
1450933
1450940
1450954
1450984
1451011
1451021
1451113
1451119
1451145
1451166
1451197
1451214
1451227
1451271
1451292
1451323
1451326
1451344
1451357
1451415
1451436
1451446
1451448
1451491
1451496
1451543
1451635
1451674
1451684
1451695
1451724
1451740
1451744
1451748
1451750
1451751
1451772
1451776
1451789
1451794
1451829
1451831
1451851
1451861
1451890
1451899
1451910
1451912
1451925
1451967
1451971
1451978
1452009
1452014
1452030
1452032
1452054
1452058
1452183
1452205
1452281
1452296
1452320
1452327
1452339
1452349
1452383
1452410
1452460
1452476
1452494
1452514
1452567
1452608
1452645
1452662
1452690
1452712
1452727
1452745
1452813
1452875
1452901
1452915
1452923
1452926
1452996
1453007
1453033
1453075
1453078
1453133
1453168
1453170
1453195
1453204
1453209
1453220
1453234
1453240
1453241
1453242
1453271
1453303
1453307
1453330
1453334
1453346
1453353
1453374
1453402
1453515
1453567
1453577
1453643
1453689
1453694
1453697
1453709
1453756
1453763
1453769
1453774
1453832
1453858
1453879
1453892
1453914
1453991
1453994
1454010
1454057
1454061
1454098
1454113
1454119
1454140
1454149
1454150
1454151
1454164
1454184
1454218
1454240
1454263
1454269
1454301
1454344
1454352
1454360
1454383
1454402
1454444
1454475
1454485
1454514
1454515
1454536
1454547
1454560
1454565
1454591
1454609
1454632
1454684
1454726
1454765
1454804
1454812
1454832
1454844
1454854
1454883
1454884
1454890
1454915
1454969
1455006
1455036
1455063
1455114
1455121
1455129
1455199
1455207
1455208
1455258
1455284
1455291
1455299
1455309
1455331
1455339
1455356
1455375
1455387
1455419
1455506
1455530
1455557
1455560
1455573
1455587
1455596
1455597
1455601
1455626
1455627
1455664
1455668
1455697
1455708
1455772
1455827
1455845
1455851
1455875
1455910
1455926
1456014
1456027
1456076
1456116
1456123
1456129
1456140
1456148
1456171
1456182
1456225
1456234
1456238
1456258
1456260
1456264
1456266
1456277
1456318
1456351
1456377
1456406
1456432
1456433
1456443
1456448
1456459
1456515
1456583
1456623
1456632
1456633
1456642
1456649
1456687
1456695
1456718
1456766
1456778
1456795
1456799
1456813
1456830
1456875
1456887
1456914
1456922
1456936
1456989
1456995
1457031
1457065
1457077
1457141
1457188
1457190
1457197
1457233
1457258
1457267
1457281
1457312
1457317
1457426
1457485
1457493
1457539
1457540
1457568
1457575
1457577
1457602
1457610
1457642
1457643
1457652
1457675
1457688
1457690
1457696
1457715
1457746
1457748
1457751
1457763
1457778
1457793
1457818
1457819
1457821
1457852
1457861
1457885
1457905
1457960
1457964
1457999
1458032
1458082
1458107
1458123
1458132
1458133
1458145
1458149
1458163
1458167
1458228
1458230
1458254
1458261
1458266
1458355
1458356
1458393
1458395
1458396
1458403
1458405
1458453
1458469
1458488
1458574
1458594
1458611
1458644
1458724
1458726
1458752
1458779
1458790
1458802
1458842
1458856
1458861
1458905
1458930
1458932
1458937
1458944
1458969
1458971
1458984
1458990
1459096
1459131
1459137
1459195
1459217
1459223
1459256
1459264
1459269
1459278
1459311
1459330
1459344
1459358
1459386
1459405
1459412
1459463
1459548
1459596
1459609
1459620
1459635
1459644
1459651
1459655
1459706
1459716
1459720
1459767
1459798
1459801
1459849
1459864
1459881
1459896
1459931
1459972
1459986
1459993
1459995
1460073
1460082
1460113
1460149
1460183
1460200
1460239
1460245
1460256
1460355
1460381
1460438
1460485
1460490
1460550
1460558
1460635
1460642
1460694
1460708
1460724
1460749
1460776
1460810
1460832
1460843
1460852
1460878
1460889
1460890
1460957
1460958
1460968
1460972
1461022
1461032
1461045
1461057
1461071
1461108
1461114
1461134
1461158
1461172
1461233
1461258
1461320
1461327
1461382
1461388
1461390
1461406
1461451
1461498
1461508
1461511
1461531
1461532
1461548
1461576
1461599
1461605
1461615
1461631
1461637
1461639
1461662
1461664
1461689
1461715
1461739
1461753
1461758
1461760
1461790
1461811
1461837
1461868
1461900
1461927
1461945
1462003
1462007
1462009
1462032
1462043
1462063
1462065
1462076
1462100
1462114
1462233
1462252
1462261
1462279
1462306
1462371
1462372
1462383
1462384
1462398
1462416
1462429
1462457
1462467
1462556
1462577
1462588
1462608
1462690
1462705
1462707
1462733
1462755
1462787
1462790
1462825
1462840
1462856
1462866
1462911
1462928
1462930
1462947
1462987
1462989
1463019
1463051
1463065
1463072
1463080
1463091
1463100
1463116
1463123
1463125
1463149
1463166
1463171
1463177
1463181
1463202
1463375
1463445
1463463
1463479
1463493
1463513
1463514
1463550
1463573
1463598
1463648
1463685
1463687
1463709
1463712
1463804
1463816
1463831
1463839
1463848
1463851
1463887
1463964
1463976
1463984
1464015
1464021
1464073
1464087
1464090
1464099
1464138
1464171
1464182
1464190
1464214
1464227
1464294
1464296
1464313
1464318
1464319
1464329
1464335
1464347
1464356
1464358
1464373
1464375
1464398
1464403
1464405
1464431
1464444
1464460
1464469
1464489
1464528
1464544
1464565
1464575
1464643
1464735
1464740
1464750
1464755
1464758
1464760
1464767
1464881
1464886
1464888
1464900
1464908
1464941
1464959
1464967
1464975
1464987
1464990
1465061
1465095
1465143
1465149
1465160
1465218
1465220
1465264
1465287
1465318
1465332
1465334
1465420
1465436
1465443
1465500
1465507
1465543
1465550
1465572
1465652
1465704
1465707
1465708
1465733
1465747
1465753
1465807
1465820
1465864
1465876
1465918
1465920
1465949
1465952
1465958
1465988
1465994
1465996
1466031
1466034
1466060
1466073
1466088
1466148
1466151
1466154
1466161
1466163
1466164
1466259
1466271
1466287
1466313
1466322
1466339
1466346
1466361
1466384
1466431
1466451
1466482
1466490
1466507
1466552
1466618
1466686
1466699
1466701
1466748
1466751
1466753
1466770
1466798
1466847
1466905
1466919
1466948
1466955
1466956
1467041
1467062
1467074
1467088
1467115
1467126
1467136
1467138
1467146
1467201
1467223
1467230
1467256
1467271
1467278
1467329
1467340
1467341
1467389
1467420
1467434
1467460
1467461
1467464
1467504
1467579
1467598
1467613
1467623
1467639
1467669
1467673
1467682
1467686
1467694
1467717
1467741
1467794
1467800
1467850
1467863
1467898
1467911
1467913
1467955
1467958
1468001
1468014
1468035
1468038
1468047
1468114
1468138
1468162
1468190
1468244
1468250
1468275
1468325
1468345
1468347
1468374
1468399
1468404
1468423
1468424
1468466
1468468
1468476
1468506
1468520
1468558
1468594
1468600
1468615
1468641
1468651
1468731
1468855
1468870
1468877
1468912
1468919
1468931
1468937
1468966
1468980
1468986
1468999
1469020
1469042
1469052
1469087
1469093
1469154
1469169
1469185
1469189
1469195
1469237
1469244
1469277
1469335
1469357
1469396
1469408
1469431
1469435
1469449
1469461
1469462
1469480
1469495
1469503
1469508
1469538
1469589
1469609
1469619
1469620
1469645
1469649
1469694
1469699
1469709
1469711
1469736
1469748
1469790
1469797
1469809
1469843
1469845
1469884
1469910
1469922
1469984
1470002
1470034
1470115
1470128
1470172
1470189
1470201
1470220
1470226
1470247
1470321
1470338
1470351
1470353
1470375
1470398
1470421
1470436
1470453
1470456
1470458
1470477
1470488
1470491
1470522
1470527
1470545
1470626
1470627
1470633
1470652
1470655
1470658
1470661
1470663
1470664
1470672
1470738
1470786
1470831
1470840
1470846
1470861
1470870
1470874
1470890
1470891
1470893
1470900
1470905
1470913
1470933
1470980
1471013
1471027
1471035
1471079
1471094
1471102
1471155
1471195
1471215
1471225
1471231
1471273
1471296
1471314
1471318
1471340
1471372
1471398
1471424
1471429
1471435
1471447
1471451
1471452
1471569
1471725
1471781
1471849
1471868
1471924
1471928
1471949
1471986
1471988
1471996
1472009
1472018
1472044
1472056
1472110
1472130
1472145
1472181
1472200
1472202
1472213
1472244
1472256
1472257
1472258
1472263
1472266
1472272
1472279
1472292
1472318
1472338
1472339
1472362
1472394
1472401
1472408
1472429
1472435
1472479
1472553
1472636
1472659
1472709
1472710
1472712
1472730
1472772
1472798
1472817
1472822
1472843
1472871
1472873
1472874
1472900
1472922
1472934
1472969
1472971
1472988
1473000
1473009
1473018
1473020
1473037
1473042
1473047
1473058
1473077
1473114
1473150
1473157
1473192
1473214
1473221
1473235
1473237
1473250
1473261
1473267
1473279
1473287
1473288
1473294
1473355
1473369
1473415
1473428
1473444
1473500
1473509
1473541
1473544
1473569
1473574
1473587
1473608
1473644
1473696
1473705
1473737
1473774
1473785
1473803
1473829
1473834
1473869
1473871
1473884
1473888
1473925
1473991
1474001
1474066
1474078
